一、社会医学相关概念,"社会医学：是研究社会因素与健康及疾病之间相互联系及其规律的一门科学，
是医学与社会学之间相互渗透而发展起来的，它综合了生物医学与社会学的研究方法与成果，是社会学和生物医学之间的交叉或边缘学科
社会经济地位：是健康的决定性因素，西方学者将收入、教育、职业三个概念综合在一起，共同形成社会经济地位这一指标，其可以综合全面地反映一个人在社会中所处的阶层
社会卫生策略：是指根据健康状况评价和健康影响因素的研究，找出需要优先解决的健康问题，通过政治、法律、规章制度等渠道，通过卫生立法，卫生规划和社区卫生服务等手段，改善社会经济状况，从而从根本上解决影响人群健康问题的原因，实现医学保护人群健康，提高人群健康水平的目标
社会突破：社会突破是指政府承担卫生保健责任，动员社区群众参与，健全基层保健网，发展经济，制定法律和开展社会大卫生措施，才能解决疾病问题，具有决定性作用
社会处方：针对社会卫生状况和影响人群健康的因素，提出改善社会卫
生状况、提高人群健康水平的社会卫生策略和措施"
二、社会医学的任务,"评价健康状况：包括个体的健康状况和人群的健康状况。健康状况评价且的是发现某一个区域范围内个体和群体当中所存在的主要健康问题
开发和应用评价理论和方法：对个体和群体健康的认识是在不断发展的，个体和群体健康的评价理论和方法也在不断发展和更加完善。开发和应用新的评价理论和方法，有助于更加全面具体地掌握当地居民的健康状况
探索社会因素与人群健康之间的关系：社会因素包括社会制度、社会经济、社会文化、社会心理等方面，全面了解一个地区的政治、经济、文化、风俗、伦理和生活方式，尤其是政策变化和经济发展对于一个区域内健康纵向变化的影响
为制定有效的社会卫生策略提供依据：包括有关健康状况和影响健康的社会因素等方面的信息
多学科、多层次合作：通过社区卫生服务实现保障人群健康，提高人群生活质量和人群健康水平的目的"
三、社会医学的作用,"了解某个大到国家，小到社区的区域中居民的健康状况，为政府制定社会卫生策略，制定区域卫生规划等提供依据
改变生物医学模式对健康观念的影响，倡导积极的健康观，摒弃“无病即健康”的健康观念；促进居民健康，提高居民生活质量
开展社区卫生服务，为不断扩展社区卫生服务内涵，提高社区卫生服务的管理水平和服务能力提供决策依据"
四、社会医学的研究对象和研究内容,"研究社会卫生状况和人群健康状况，即进行社会诊断：通过统计学、流行病学、社会学的方法，研究人群的健康状况；应用科学指标对人群健康状况作出评价，找出需要优先解决的问题。常用的科学指标有：
生物指标如疾病指标
心理指标如性格心理测量
社会指标有社会支持、社会网络
综合指标如生命质量指标(PQLI)
探讨影响人群健康的因素，特别是社会因素：研究各种因素（包括社会经济地位、社会心理因素、宗教文化等）对健康和疾病的影响，对发现的社会卫生问题进行社会病因学分析，为制定社会卫生政策提供依据
社会经济地位对健康的影响：社会经济地位是健康的决定性因素，西方学者将教育、收入、职业三个概念综合在一起，共同形成社会经济地位这一指标，其可以综合全面地反映一个人在社会中所处的阶层
收入决定了消费能力、营养、住房和医疗保健状况
职业决定了社会地位、责任感、体力活动和与工作相关的健康风险
教育决定了获取积极社会、心理和经济资源的能力。良好健康状况的最重要决定因素是受教育程度，受教育程度高的人总体上更了解健康生活方式的优点和预防保健的重要性
社会心理因素对健康的影响：社会因素对某一特定疾病发生和发展的影响，不仅局限于年龄，性别，种族等因素，人类精神和躯体之间的相互作用也是影响健康的关键因素，其典型例子如过劳死
宗教文化对健康的影响：许多研究提示，宗教态度和宗教行为可能对许多与健康相关的行为产生正面影响，这包括禁止吸烟和饮酒，禁止多性伴性关系等
研究社会卫生策略：即根据健康状况评价和健康影响因素的研究，找出需要优先解决的健康问题，通过政治、法律、规章制度等渠道，通过卫生立法，卫生规划和社区卫生服务等手段，改善社会经济状况，从而从根本上解决影响人群健康问题的原因，实现医学保护人群健康，提高人群健康水平的目标。社会卫生策略是建立在对整个社会个人健康和人群健康评价的基础之上的。其在宏观上强调立法和执法监督，从微观操作上重视基层的保健措施。最根本目的在于让人们（社会领导、决策者）明白健康不仅是个人问题，是一个社会应当保障的基本人权、是社会责任"
五、传统健康观和积极健康观的内涵,"积极健康观的内涵：健康不仅是疾病或体弱的匿迹，而是身心健康和社会幸福的完好状态。它包括三个层次的健康：躯体健康、心理健康和社会适应能力完好。它包含三个层次的健康：
躯体健康：指躯体的结构完好和功能正常
心理健康：又称精神健康，指人的心理处于完好状态，包括正确认识自我、正确认识环境和及时适应环境
正确认识自我：指既不高估、也不低估自己
正确认识环境：指个人要对过去的、现在的以及将来要发生的一切事件和事物有客观的和一分为二的认识
及时适应环境：指使自己的心理与环境相协调和平衡的过程，要求人们主动地控制自我、改造环境与适应环境
社会适应能力：
每个人的能力应在社会系统内得到充分的发挥
作为健康的个体应有效地扮演与其身份相适应的角色
每个人的行为与社会规范相一致
传统（消极）健康观的内涵：消极健康观认为，疾病与健康是互相排斥的，健康等于无病，无病等于健康。是以传染病的发生、变化和转归为依据，以单因单果为表现形式的疾病观
大卫生观：卫生事业本质是一种“人人需要，共同受益”的社会公益事业，实现健康不仅仅是医疗卫生部门的工作，还需要全社会、各部门、各领域的积极行动和协同推进，这被称为大卫生观或大健康观
高危人群：是指容易受疾病侵扰的人群，包括处于高危险环境的人群、对环境有高危反应的人群，以及有高危行为的人群。此外健康弱势人群也容易成为高危人群
亚健康状态：人的机体虽然无明显的疾病，但呈现出活力降低，适应力呈不同程度减退的一种生理状态，是由机体各系统的生理功能和代谢过程低下所导致，是介于健康与疾病之间的一种生理功能降低的状态，亦称“第三状态”或“灰色状态”
亚临床疾病：也称无症状疾病，即无临床症状、体征，但存在生理性代偿或病理性改变的临床检测证据。如无症状性缺血性心脏病，可以无症状，但有心电图改变"
六、社会医学的特色理论和创新观点,"卫生事业与社会协调发展：
卫生事业是以社会发展为基础，其规模与速度直接受社会发展的制约
卫生事业发展是社会发展的组成，为社会发展提供保障
健康与社会经济发展的双向作用：在强调社会经济发展对人群健康水平提高的基础性作用的同时，也应该认识到人群健康水平的提高对社会经济发展的促进作用
生理、心理、社会健康观：
生物角度：检查器官功能和各项指标是否正常
心理、精神角度：有无自控能力，能否正确对待外界的影响，是否能够处理心理平衡的状态
社会学角度：个体的社会适应性、良好的工作和生活习惯、人际关系和应对各种突发事件的能力
关注高危人群和高危因素：
高危险性：主要包括高危人群、高危环境和高危因素
高危人群：是指容易受疾病侵扰的人群，包括处于高危险环境的人群、对环境有高危反应的人群，以及有高危行为的人群；此外，健康弱势人群也容易成为高危人群
高危因素：是指对健康构成威胁的因素，如吸烟、酗酒、吸毒等不良行为
高危环境：包括存在危险因素的自然、社会和心理环境
疾病防治中社会因素的主导作用：
现在疾病的流行模式：多因单果，单因多果，多因多果
联合国儿童基金会提出需要实现两个突破：技术突破、社会突破
全社会参与的大卫生观：把人民健康放在优先发展的战略地位，加快推进健康中国建设，努力全方位、全周期保障人民健康。卫生事业本质上是一种“人人需要、共同受益”的社会公益事业，实现健康不仅仅是医疗卫生部门的工作，需要全社会、各部门、各领域的积极行动和协同推进，这被称为大卫生观或大健康观"
七、社会医学的创立和发展：,"社会医学的萌芽时期
古代“整体的人”的思想：希波克拉底强调人的生活环境与健康的关系要求医生了解病人的生活环境和生活方式
18世纪的产业革命：马尔萨斯提出人口过剩与贫困之间的关系；空想社会主义者欧文提出限制童工劳动时间的建议
社会医学的创立时期：
法国医生盖林认为应当将医学监督、公共卫生和法医学统称为社会医学，这是第一次提出社会医学概念。将社会医学分为四个部分：社会生理学、社会病理学、社会卫生学、社会治疗学
魏尔啸提出健康关系整个社会的发展，社会经济条件对健康有重要影响。德国医学家进行医学改革解决工业化带来一系列问题，这是社会医学创立的标志
英国宪章运动，任命的一个卫生局长，第一次开设公共卫生课
社会医学的发展时期：格罗蒂扬首次提出健康疾病与社会的相互关系，他认为社会状况有可能：
产生或有利于感染疾病的因素
直接引起疾病
传播病因
影响病程
疾病反过来可以影响社会状况
第二章 医学模式与健康观"
一、医学模式的相关概念,"模式：在科学研究中是指研究自然现象或社会现象的理论图式或解释方式，也可以指一种思想体系或思维方式。可以理解为人们认识和解决问题的思想和行为方式，它包括认识和实践操作两个环节
医学模式：是在医学理论发展和医学实践活动过程中形成的，它实质上是一
种医学观，是对医学的本质，医学发展的规律和方向，医学发展的基本思路、方法，医学发展应该抓住哪些根本问题，医学实践操作的主攻方向是什么等方面，做出的高度理论概括。医学模式是人类获取健康和防治疾病的经验总结，是人们对客观存在的事实的主观反映
生态学模式：生物医学模式下，健康就是要维持宿主、环境和病原体三者之间的动态平衡，这种保持平衡的观念，称为生态学模式"
二、医学模式的理论基础,"医学模式是医学实践的总结
医学模式是指导医学实践的自然观和方法论：不同的医学模式会对医学理论研究和实践操作提供不同思路
医学模式的动态性：医学模式的转变是与生产力发展的水平、生产关系的性质、政治和文化背景、科学技术发展水平以及哲学思想等相关联。实质上就是从现代观念上、现代思维方式上、现代健康需求去把握医学的时代特征，指导人们全方位把握住医学的发展方向，解决现代社会面临的各种医疗保健问题"
三、医学模式转变的各个阶段,"神灵主义医学模式：是指先民们认为人类的生命与健康是上帝神灵所赐，疾病和灾祸是天谴神罚，其主导思想是驱除瘟神疫鬼
自然哲学医学模式：是指把健康、疾病与人类生活的自然环境、社会环境联系起来观察和思考的朴素、辩证、整体的医学观念。人们开始用自然原因解释疾病的发生，把哲学思想与医疗实践直接联系起来
机械论医学模式：是基于机械唯物主义观点，以机械运动来解释一切生命现象的医学观和方法论，否定了唯心主义的医学观，把医学引入实验医学时代，对医学进步发挥了重要作用。机械论解释生命活动是机械运动，保护健康就是维护机器，忽视了人类机体的生物复杂性及社会复杂性，产生了对人体观察的片面性和机械性
生物医学模式：是指从生物学的角度认识健康与疾病，反映病因、宿主和自然环境三者内在联系的一种医学观和方法论
生物-心理-社会医学模式：指从生理、心理和社会等方面来观察、分析、思考，以及处理健康和疾病相关问题的医学观和方法论。包括环境健康医学模式、综合健康医学模式、生物-心理-社会医学模式"
四、生物医学模式的概念及两个理论,生物医学模式：是指从生物学的角度认识健康与疾病，反映病因、宿主和自然环境三者内在联系的医学观和方法论
二元论：认为躯体和精神存在精密的分工，疾病具有微观的生物学基础，也就是疾病的产生必然可以在躯体上面找到病理变化,还原论：认为疾病具有微观的物理和化学基础，疾病的治疗最终都归结于采用物理和化学方法进行治疗
五、生物医学模式的优缺点,"优点：生物医学模式对医学的发展起到了重大的促进作用
在基础医学方面：对人体的认识从宏观进入到微观的层次，建立了基因理论，确定了生物学病因，理解了免疫机理
在临床医学方面：实现外科手术的无菌化，促进了外科的进步，许多烈性传染病病因彻底明确
在公共卫生方面：建立人和环境之间动态平衡的健康生态学模式，通过公共卫生手段和国家的宏观政策调控解决一系列问题
缺点：
生物医学模式强调生命活动在结构功能信息交换方面是统一整体，但忽视人是生物性与社会性的统一体。限制了他的视野，限制医学家对健康和疾病的全面认识性
另一方面导致了医学领域的高度专科化，产生大量甚至过剩的专科医生和专家。随着疾病谱和死因谱转变，专科化医生无法确诊某接慢性非传染性疾病的病因"
六、现代医学模式的产生背景（动因）,"生物医学模式的局限性：
不能解释由传染病逐步改变为慢性非传染性疾病的疾病谱转变
忽略心理、社会因素
疾病的表现形式从单因单果到多因单果、单因多果、多因多果
疾病谱和死亡谱的转变：20世纪，特别是50年代以来，人类疾病谱和死亡谱发生了很大的改变，影响人类健康与生命的主要疾病已由传染病逐步改变为慢性非传染性疾病
对保护健康和防治疾病的认识深化：随着人们对保护健康、防治疾病的经验积累，认识也有了深刻的变化。对人的属性的认识，由生物自然人上升到社会经济人，对疾病的发生和变化，由生物层次深入到心理与社会层次，对健康的思维也日趋全方位、多层次。认识到健康是一个连续性的状态，健康概念具有相对性，包括disease(疾病，躯体)，illness(患病、心理)和sickness(病态，社会)，认识到功能减低就是一种亚健康状态，而机能衰退就是一种亚临床疾病状态
医学科学发展的社会化趋势：医学发展史证明，医学的发展与社会发展息息相关。人类保护健康和防治疾病，已经不单是个人的活动，而成为整个社会性活动。只有动员全社会力量，保持健康、防治疾病才能有效
人们对卫生保健需求的提高：随着经济的发展，国民收入增加，人们对卫生保健的需要提出了更高的要求。人们已经不满足于不生病，身体好，还要求合理的营养，良好的劳动生活条件和生活方式，平衡的心理状态和健康的心态，良好的社会活动能力，提高生活质量，延年益寿。基于这些改变，美国学者恩格尔首先提出了生物医学模式已经逐步转变为生物-心理-社会医学模式"
七、生物-心理-社会医学模式的基本内涵,"现代医学模式强调了心理、社会因素在医学研究系统应有的位置：它不是以心理和社会因素取代生物因素，也不否定生物因素的重要作用，而是对片面单一以生物因素为医学核心的修正，给予心理、社会因素在医学思维与认知中应有的地位
现代医学模式更加准确地确定了生物因素的基础性和价值：它在强调心理、社会因素的时候，是以肯定生物因素为前提的
现代医学模式全方位探求影响人类健康与疾病的因果关系：它是在重视生物因素的前提下，把人的健康与疾病问题置于社会系统中去理解，把生物的人置于社会关系中去理解"
八、生物-心理-社会医学模式的基本内容,"生物遗传因素：是理解生命活动和疾病的基础。心理活动通过生理机制起作用，疾病会导致不良的心理感受，不良心态也会引起躯体疾患。而政治、经济、文化、行为方式等社会因素则是通过对个体生理和心理变化的影响而发挥作用的
环境因素：包括自然环境、心理环境和社会环境。自然环境包括原生环境（原有的自然环境）和次生环境（人工改造后的自然环境）；心理环境包括性格、应激和生活紧张因素、情绪等；社会环境包括经济收入、居住条件、营养状况、文化等
生活方式及行为因素：良好生活方式和习惯对健康起促进作用，不良生活方式甚至偏离行为如吸烟、酗酒等对健康造成危害。是对人类影响最大的因素
医疗卫生服务因素：医疗卫生服务是一种控制疾病的社会措施，医疗卫生服务的布局、资源的分配、卫生工作的方针、技术水平和服务质量是否符合人们的最大健康利益，都对人们的健康质量有着直接的影响"
九、生物-心理-社会医学模式对现代医学的贡献,"解放医学思维模式，以综合思维方式处理问题
扩大了医学研究的思路
疾病预防从单纯的生物预防扩大到社会、心理预防的新层次
医药卫生人才的知识结构发生巨大变化
为中国医学的发展注入新活力"
十、现代医学模式对医学的影响,"对医学目的的重新审视：
提出现代医学的四个目的：
预防疾病和损伤、促进和维持健康
解除由疾病引起的疼痛和痛苦
对疾病的照料和治疗、对不治之症的照料
避免早死，追求安详死亡
医学家们还认识到，应当将治愈与照料放到同等重要的地位
对卫生服务的影响：主要表现为“四个扩大”，即：
从治疗服务扩大到预防服务：将医疗服务工作纳入到预防的轨道，使卫生工作由医疗型向预防型过度，重视三级预防
从技术服务扩大到社会服务：发现居民健康问题、找出危险因素、进行健康指导促进、改变生活习惯行为方式；促进居民心理健康；发现影响健康的社会因素
从院内服务扩大到院外服务：由传统的封闭式院内服务逐步向院外开展社会服务，深入开展预防、医疗、保健、康复、健康教育、计划生育六位一体社区卫生服务；提供全科性的基本卫生保健服务
从生理服务扩大到心理服务：要求卫生服务的整体性，在照顾躯体同时对普通人群和病人进行心理服务
对医学教育的影响：
要求医学生树立正确的职业态度，要有社会责任感和科学献身精神
现代型的医学人才，既要有自然科学方面的知识，又要有社会科学、人文科学方面的知识
在学习专业技能的同时，还应加强社会实践的锻炼
对预防医学的影响：提倡群体预防和个体预防相结合
对临床医学的影响：临床医生向企科医生和专科医生分化；工作重点从以疾病为中心到以人为中心
对健康状况评价的影响：开始向以生活质量、三维健康为终点的健康状况评价转化
健康相关生活质量：是指在病伤、医疗干预、老化和社会环境改变的影响下个人的健康状态，以及与其经济、文化背景和价值取向相联系的主观满意度。健康状态和主观满意度构成了健康相关生活质量的主要内容。健康状态是从身体、心理和社会三方面来描述个人的功能状态。功能能力是生活质量测定的关键；主观满意度是指个人的需求和愿望得到满足时所产生的主观合意程度，属于生活质量的主观成分
第三章 医学模式与健康观"
一、社会因素的相关概念,"社会因素：是指社会的各项构成要素，包括自然环境和社会环境，自然环境又称为物质环境，包括未受人类影响的、天然形成的地理环境。社会环境又称为非物质环境，它包括一系列与社会生产力、生产关系有密切联系的因素
健康社会决定因素：在那些直接导致疾病的因素之外，由人们的社会地位和拥有的社会资源所决定的生活和工作的环境及其他对健康产生影响的因素。健康社会决定因素被认为是决定人们健康和疾病的根本原因，它也反映了人们在社会结构中的阶层、权力和财富的不同地位"
二、社会因素影响健康的特点,"作用的广泛性：一种社会因素可导致全身多个器官及系统发生功能变化。在现实生活中：
人们接触社会因素的多元性，使每种社会因素的作用难以显示其特异性
由于遗传及后天发展的差异，使每个人对同类型、同强度刺激的耐受性不同，从而使社会因素的致病作用及健康效应的特异性不明显
社会因素作为刺激源很少是一次性作用的，一般是通过缓慢逐步积累发生作用的
持久性和积累性：社会因素广泛存在于人们的现实生活中，对人类产生的作用是持久性的；同时，社会因素是以一定的时间顺序作用于人体的，可形成反应的累加、功能损害的累加和健康效应的累加作用
交互作用：社会因素对人类健康的作用通常是以交互作用的方式产生效应的，这是由于其因果关系的多元性所决定的。教育、经济、生育、营养可以分别直接影响人群健康，也可以互为其他社会因素的中介，或以其他社会因素为中介作用于健康"
三、社会因素影响健康的机制：,"社会因素主要通过心理感受这个中心环节发生作用的。社会因素作用于健康的机制是社会因素被人的感觉系统纳入，通过中枢神经系统的调节和控制，形成心理折射，产生心理反应及行为、即社会心理因素成病模式
感知觉系统是社会因素作用的门户：外界的一切刺激，包括社会因素必须通过人的感知觉系统，即眼、鼻、舌、皮肤等感觉器官及相应的神经系统的接受和知觉而发生作用
神经-内分泌-免疫调节网络是社会因素的中介：神经-内分泌-免疫调节网络是社会因素作用于人体引起躯体机能的变化的中介，即人体感受刺激和心理反应形成后，神经系统、内分泌系统、免疫系统产生反应，形成调节网络，产生“中介物质”或引起“中介物质”的变化，如生物电、神经递质和激素的变化等，最终引起躯体机能的变化
中枢神经系统是社会因素作用的控制器：社会因素从被人感知直到产生效应的整个过程都受脑的控制。由于脑的调节和控制作用，使同样的社会因素对不同的人可能产生不同的健康效应。脑的控制作用主要是通过调节内分泌功能来体现的"
四、健康社会决定因素模型的内容：,"健康社会决定因素模型是指达尔格伦和怀特海德在1991年建立的健康社会影响因素分层模型，该模型由内向外分别代表影响个体健康的主要因素以及这些因素背后的诱因
第一层：代表不同基因的个体
第二层：代表个体行为和生活方式可能对健康带来不同影响
第三层：代表社会和社区影响，社会支持可能对个体健康带来有利影响，也可能带来不利影响
第四层：代表社会结构性因素，如住房、工作环境卫生、保健服务、水和卫生设施等
第五层：代表宏观社会经济、文化和环境，处于内环的因素都受到外层因素影响"
五、影响健康的主要社会因素/健康社会决定因素的分类,"年龄、性别和遗传因素：年龄、性别、遗传因素对于个体健康状况具有重要影响
个体生活方式：吸烟、酗酒、不良饮食、缺乏锻炼、高危性行为等不良个体的行为生活方式会增加患病风险
社会支持网络
社会支持：个体从社会网络获得的物质和情感帮助称为社会支持。分为：工具性支持，指提供可见的帮助和行动；评价性支持，指提供反馈和行动意见，供决策者参考；信息性支持，指单纯提供信息
社会资本：个人拥有的社会关系成为一种社会资源而被个体所用。社会资本对个体健康的影响通过三种渠道：影响个人获取健康信息和行为规范；影响个人对卫生服务的利用；社会资本通过情感支持，影响人的心理健康，从而影响躯体健康
社会经济地位：用收入、教育和职业三个指标测量社会经济地位，是指个体或群体在社会中所处的位置
其他社会结构因素：包括工作环境、城市化、卫生保健服务
宏观社会经济、文化和环境：包括政治、文化、价值观与社会规范和环境"
六、健康社会决定因素行动框架/健康社会决定因素中直接决定人健康的因素,"日常生活环境：指人们出生成长、生活、工作、衰老的环境，包括物质环境、社会支持、社会心理因素、行为因素和生物学因素，卫生服务体系虽然独立，也是之一
社会结构性因素：决定日常生活环境的社会结构性因素体现了权力、财富，资源的不同分配
个体层面的社会结构性因素：社会地位，教育，职业，收入，性别，种族民族
宏观社会层面的社会结构性因素是社会经济环境，主要包括政治治理、社会政策和文化、社会规范与价值观三个方面"
七、宏观经济与健康的关系：,"经济发展能推动卫生改善，健康水平提高同样推动社会经济发展，社会经济发展与人群健康关系是辩证统一的。社会经济发展是人群健康水平提高的根本保证，经济的发展必须以人群健康为条件，人群健康水平的提高促进社会经济的高速发展，二者互相促进
经济水平低下影响健康：经济水平低下带来的各种影响生活质量的不良因素对健康水平起到综合的作用。影响人们的收入、开支、营养状况、居住条件、受教育机会等，形成特定的社会不良环境
经济发展促进健康水平的提高：
经济发展对人群健康水平有重要影响。是保障健康的物质基础，对健康指标的影响通过多渠道综合作用
经济发展是提高物质生活水平的前提，可以为人们提供充足的食物营养、良好的生活与劳动条件
增加卫生投资，促进医疗卫生事业发展
还可以通过对教育的影响间接影响人群健康
健康水平的提高促进经济发展：社会经济的发展，社会生产力的提高将对社会经济发展起到推动作用。表现在人群健康水平提高，人口平均寿命延长，人群从事劳动年限增加，创造更多的社会财富，促进社会经济发展
经济发展对健康可能带来的负面影响：
环境污染和破坏
生活方式的改变
大量合成化学物进入人类生活
心理健康问题
社会流动人口增加
现代社会病增加
负性社会事件增加"
八、个人的社会经济地位对健康的影响,"个人社会地位如何影响健康概括为几个途径：即行为方式、福利水平、心理压力、孤独与社会关系、父母的地位遗传等
教育水平较低者更不容易认识到不利行为的危害，更好的教育水平可以增强人们解决问题的能力和调控健康的能力、促进心智成熟、增强充实感
收入水平较低的人更容易养成吸烟、喝酒等对健康不利的行为习惯
社会经济地位较差的人经历了更多的危机和不可控的生命事件，例如生活条件较差者更容易受到犯罪、暴力、歧视、生病、孩子死亡等急剧生活转变的影响，更容易受到生活的压力以及收入来源的不确定性等慢性压力的影响
福利水平的观点认为，社会经济地位较高者更容易获取良好的居住生活环境、较好的营养状况和医疗卫生服务
心理压力观点认为，较低收入群体的人有更高的可能性面临着急剧的生活转变和慢性压力，这些转变和压力带来的心理状态恶化是造成个人健康水平较差的因素。孤独与社会关系也会影响到人的健康"
九、社会制度的概念：,社会制度是指在一定历史条件下形成的社会关系和社会活动的规范体系。社会制度的含义有三层：一是社会形态，如社会主义制度；二是各种具体的社会制度，如政治制度、经济制度等；三是各种社会组织的规章制度，如考勤制度
十、社会制度影响健康的途径,"不同分配制度影响居民健康：由于目前各国贫富差别十分悬殊，世界上大约有10亿人处于贫困和营养不良的状况。此外卫生资源分配不合理是全球普遍存在的问题
社会制度对卫生政策的决定性作用：社会制度对卫生政策及人群健康影响最广泛、最深远的是政治制度。政治制度的核心是社会各阶层人群在政治生活中的地位及管理国家的原原则，是一切制度和政策实施、发展、巩固的保证
社会制度影响人的行为：社会制度实质上是一种社会规范体系，它对人们的行为具有广泛的导向和调节作用。它通过行为规范模式，提倡或禁止某些行为方式、保持和促进社会的协调发展"
十一、人口发展与健康：人口发展的成功，取决于资源的平衡,"人口数量与健康：
加重社会负担：如果人口增长速度超过了经济增长速度，则会加重社会负担
加重教育及卫生事业的负担
加重环境污染和破坏
人口结构与健康：
人口年龄结构与健康：老年人口患病率高、致残率高，卫生资源消耗量大，是各国重大社会问题
人口性别结构与健康：人口性别结构是指男女人口分别在总人口中所占的百分比，性比例平衡是社会安定的基础因素之一，性比例失调是滋生社会问题的根源之一
人口流动与健康：人口流动可促进经济繁荣及社会发展，给居民健康带来有利影响；但会出现一些特殊的卫生问题，给医疗卫生工作提出新的要求"
十二、卫生事业发展与健康：,"卫生服务的基本功能：包括保健功能与社会功能
保健功能通过预防、保健、治疗、康复及健康教育措施降低人群发病率、死亡率。通过生理、心理、社会全方位保健措施维护人群健康，提高生命质量
社会功能包括：医疗保健服务使患者康复；延长寿命、延长劳动时间；消除病人对疾病的焦虑和恐慌，有利于社会安定
医疗卫生部门是精神文明窗口，有利于社会凝聚力的增强
卫生资源与健康：卫生资源的投入量及其分布对人群健康影响极大
卫生服务的组织实施与健康：合理使用卫生资源，科学地组织实施卫生服务，提高社会效益，有利于人群整体健康水平的提高"
十三、家庭的常见类型,"家庭的概念：家庭是以婚姻和血缘关系为基础建立起来的一种社会生活群体，是社会的细胞。家庭是人出生后首先接触的社会，是人们日常活动的主要场所。家庭对一个人的成长及身心健康有着深刻的影响
核心家庭：是由一对夫妇与其未婚子女组成的家庭。这种家庭仅两代人组成，只有一个权利中心，关系较为简单。仅一对夫妇，无子女的家庭、一对夫妇和未婚的领养子女组成的家庭或由父母中某一方与未婚子女组成的家庭也可归入此种家庭
扩大家庭：是由两个或更多的住在一起的核心家庭组成。扩大家庭又可以分为主干家庭和联合家庭两种
主干家庭又称直系双偶家庭，是由父母和一个已婚子女共同组成的家庭，是扩大家庭的最典型形式，除有一个主要权利中心外，尚有一个次要中心，关系比核心家庭复杂
联合家庭是由一对夫妇（或一方）与两对及两对以上的已婚子女及其未婚子女所组成的家庭。我国传统的几世同堂就属于这种家庭。这种家庭可能有多个权利中心，关系复杂，结构松散而不稳定"
十四、家庭的功能及对健康的影响,"家庭的功能：家庭功能包括满足人们的生理需要和社会需要，主要可以归纳为四种功能：
养育子女：家庭的养育功能不仅包括生养，也包括教育。家庭教育对儿童心理、人格和行为方式的形成有重要的影响作用
生产和消费：家庭的生产功能是历史性的，将随着社会发展而逐渐缩小并趋向消失，而家庭的消费功能则是永存的
赡养：下辈家庭成员有赡养上辈家庭成员的义务。当年老的家庭成员丧失劳动能力后，物质和精神上的需要首先应由家庭承担
提供休息娱乐的特殊环境：家庭环境作为人们一天工作之后的休息和娱乐环境，是其他任何场所不能代替的。家庭对体力的恢复和精神的调节都有主要作用
对健康的影响：
家庭关系不良：如果家庭关系失调，家庭成员之间关系不融洽，家庭成员不能从家庭中得到互相帮助和支持，则必然对家庭每个成员的健康产生不利的影响
家庭功能失调：既影响物质生活，也影响精神生活。家庭消费及教育功能失调与营养性疾病、心血管疾病、传染性疾病、精神疾病，甚至青少年犯罪都有明显关系；家庭照顾包括心理支持和生活照料，如果家庭不能发挥照顾的功能，则难以对来自外界的应激原产生缓冲作用，结果使心理紧张加重，发展严重就会发生疾病
家庭结构的破坏：无论家庭的规模大小，结构不完整都会影响健康，丧偶、离婚是家庭结构的严重破坏，对健康损害最大"
十五、文化的概念及分类：,"文化的概念
广义的文化指物质文化和精神文化的总和；狭义的文化即精神文化，指人类精神财富的总和，包括思想意识、宗教信仰、文学艺术、科学技术、风俗习惯、教育、法律、道德规范等。各种文化可归为智能文化、规范文化和思想文化
文化的分类：各种文化可归为智能文化、规范文化和思想文化
智能文化：通过影响人的生活环境和生活条件作用于人的健康
规范文化：通过支配人们的行为来影响健康，一些有害健康的道德规范和风俗习惯使人们采取有害健康的行为生活方式而影响健康
思想文化：主要通过影响人们的心理过程和精神生活影响人群健康"
十六、社会文化对健康的影响,"教育对健康的影响：
教育影响人们对生活方式的选择：教育属于一种规范文化，主要通过培养人的文化素质来指导人的生活方式，不同文化程度的人群生活方式不同，首先表现在消费结构对人群健康的影响，在收入一定的条件下，人们对生活资料的支配方式也不同，从而产生不同的健康效果。其次，表现为安排闲暇时间对人群健康的影响。闲暇时间的消磨方式与人群健康有密切的关系。闲暇时间即人们维持工作和基本生活活动以外的时间
教育有助于提高人的健康保健意识：人们主动关心自己的健康，寻求较好的生活质量，积极维护自己的健康
教育影响人们对卫生服务的利用：文化知识水平高的人容易接受和正确掌握卫生保健知识，能够了解疾病的危害和预防的方法，主动预防并合理利用卫生服务
教育能够影响人们的就业机会和收入
文化对精神健康的影响：文化对精神健康的影响是多方面的，大体分为三种观点
共同论：认为文化固然千差万别，但人类的精神活动本质上是相同的，因此人类的精神障碍也是基本相同
进化论：认为正常和异常精神活动都处于进化过程中
相对论；认为每一种文化皆有其独特的观念体系，是有历史渊源和内在连贯性的
风俗习惯对人群健康的影响：
风俗也称为习俗，是逐渐形成的社会习惯
有益于健康的风俗习惯；如中国人的饮水习惯，避免了由于饮水卫生条件较差可能带来的危害
不利于健康的风俗习惯；如“节日病”，每逢佳节，豪饮猛吃，轻者消化不良，重者酩酊大醉，严重损害健康
宗教对人群健康的影响：
宗教：是以神的崇拜和神旨意为核心的信仰和行为准则的总和。宗教伦理及教义以观念意识注入人的思想，强烈地影响人的心理过程及行为。其既有积极的一面，又有消极的一面
宗教的精神力量：宗教信仰常常使人对自己难以解决或难以回答的问题有一定的归宿，信徒把人生曲折难题归因天命
宗教对行为的影响：宗教对人的行为影响，是通过教规或教令及教徒的信仰来实现的，其作用有明显强制性和高度自觉性，许多是有益于健康的，但盲目信仰也会对健康带来危害"
十七、教育的职能,"按社会需要传授知识，即对人智能的规范
传播社会准则，即对人行为的规范"
十八、社会心理因素概念：,"人是生活在社会环境中的有各种心理活动的高级动物，社会环境中的各种因素必然要影响人的一切心理活动，导致情绪变化，对健康产生影响。社会心理因素是社会环境中普遍存在的能导致人的心理应激从而影响健康的各种社会因素
心理现象是心理活动过程的表现形式，分为心理过程和个性两个方面。社会心理现象是指在一定的社会情境或影响因素下，产生的各种心理和行为"
十九、社会心理因素与健康的关系：,"社会心理因素致病机制目前认为是社会心理因素刺激主要通过中枢神经、内分泌和免疫系统对机体产生作用，从而影响健康。社会因素是影响心理活动及行为的基本因素，对健康的影响主要是通过人们日常生活中经常遇到的生活事件对人体产生应激，如果应激状态强烈而持久，超过机体的调节能力就会影响健康，甚至导致精神和躯体疾病
个性心理持征与健康：
个性：由于生活环境、教育水平、所从事的工作不同，心理活动在每个人身上带有个人特征，这种个体心理特征称为个性，包括能力、气质和性格三方面
气质与健康：气质也就是通常所说的脾气，是个人在情绪发生的速度、强度、持久性、灵活性等心理特征的总和，是人的情感体验特点综合。包括胆汁质、多血质、黏液质、抑郁质
性格与健康：性格是指人类在生活过程中形成的稳定的、定型化即一贯性的态度和行为方式。A型性格病发病、复发、死亡率均高；C型性格易患官颈癌、胃癌、肝癌消化系肿瘤
应激与健康
应激：超过一定临界阈值后，破坏机体内环境平衡的一切物理、化学和情感刺激。心理社会因素作为应激原作用于机体，从而导致躯体疾病的模式，应激反应取决于个体的遗传素质，早年环境的影响，获得的知识和经验等诸因素与应激原的相互作用
应激有制：动员机体非特异性适应系统，增强体质与适应能力
应激不利：适应机制失效导致不同程度的心理行为和躯体障碍，使人产生焦虑情绪，造成注意力分散、记忆力下降、工作效率降低等
生活事件对健康的作用
生活事件：指在童年期家庭教养和境遇、青年期学校教育和社会活动、成年期社会环境和生活环境中发生的各种事件。重大生活事件造成的心情紧张、精神压力成为应激原，从而对疾病的发生起到直接或间接的作用
情绪与健康
情绪：是人对客观事物符合自己需要的态度体验，积极的情绪可对人体的生理机能起到良好的作用，发挥人的潜在能力，利于人的健康。而消极的情绪可使人的心里失去平衡，导致神经系统功能紊乱，机体病变
情绪特征：
情绪不是固有的，是由客观现实刺激引起的
情绪是主观体验，可能出现行为表现，但常不露于形
情绪的个人基础是需要包括生理、心理、社会方面的需要
情绪致病：
作为疾病发作或复发的诱发因素
直接作为致病因素或疾病的促发因素"
二十、生活事件对健康的作用：,"学习问题：成绩不理想或考试失败是较大的精神刺激
恋爱婚姻问题：恋爱成功，婚姻美满，则由此正性生活事件引起的心理活动张力增高，产生愉快体验。相反，如果是负性生活事件，会产生各种精神和躯体疾病
健康问题：发生的频率虽然不太高，但心理刺激的强度却非常高
家庭问题
工作与经济问题
人际关系问题
环境问题：现在社会中各种噪声的干扰，使脑神经处于持续性紧张状态，生活环境受到有害物质的污染，使人情绪不稳
法律、政治问题"
二十一、行为生活方式的相关概念,"行为：是具有认识、思维能力的人对环境刺激所作出的能动反应。广义的行为分为内在行为和外显行为
内在行为：人的心理活动过程
外显行为：可以被他人观察到的行为，如言谈举止。一般所说的行为是外显行为
生活方式：是人们采取的生活模式或式样，它以经济为基础，以文化为导向
健康相关行为：是指个体或者群体与健康和疾病有关的行为，包括促进健康的行为和危害健康的行为"
二十二、行为生活方式对健康的影响,"促进健康的行为（个体或群体表现出的在客观上促进或有利于健康的一组人群行为)：
积极的休息与睡眠：休息有利于消除疲劳，恢复充沛的精力，促进健康，人体的各个器官需要一定时间的休息，以促进其互相协调，保持正常功能
合理营养和平衡膳食：平衡膳食是指全面达到合理营养供给量的膳食，这种平衡包括总热量和热量来源（蛋白质、脂肪、碳水化合物）比例的平衡，以及各种营养素与生理需要的平衡。此外，平衡膳食还要根据年龄、性别、劳动强度等作相应的调整，营养不良或摄取过多都会影响健康
积极的应付方式：积极的应付是指人对紧张刺激可能出现结果的一种积极反应，是现实生活中培养起来的对可能出现的健康威胁或挫折在头脑里形成的预兆，针对或为达到预期结果而作出积极反应的一种能力
体育锻炼：生命在于运动，健康在于锻炼。适度的体育锻炼可以增强体质，防病治病。体育锻炼的关键是培养经常锻炼的好习惯，制定适宜锻炼计划
危害健康的行为（个体或群体表现的在客观上有害于健康的一组人群行为）：
吸烟与健康：烟雾本身及其中有害物质可能对机体的局部产生强烈刺激作用，烟草中的有害成分可能干扰人体正常生理、生化反应和代谢功能，从而对人体多个系统造成不同程度的损害
酒滥用与健康：与酒滥用相关的社会问题有离婚、自杀、意外伤害、暴力和犯罪等，长期反复酗酒会导致躯体和精神两方面明显的改变，使社交功能、职业功能和社会适应能力严重损害
药物滥用与健康：药物滥用是指反复使用某些可以显著影响精神活动的物质从而导致对躯体和心理健康的损害和危险，这类物质主要作用于神经系统，影响神经活动，故又称精神活性物质，包括鸦片类物质、镇静安眠药、麻醉剂、兴奋剂、致幻剂等
不良性行为与健康：不良性行为是导致性传播疾病发生的主要途径，并且也是近年严重危害人类健康的艾滋病的重要传播途径"
二十三、行为改变阶段理论：,"行为改变阶段理论认为人的行为转变是一个复杂、渐进、连续的过程，可分为5个不同的阶段，即没有准备阶段(precosntemplation)、犹豫不决阶段(contemplation)、准备阶段(preparation)、行动阶段(action)和维持阶段(maintenance)
没有准备阶段：没有考虑要吸烟或是在接下来的6个月不会考虑的时期。在这个阶段中，通过政府（制定制度）、个人（提升健康意识）、新闻媒体（禁止烟草广告）、健康宣教（宣传吸烟有害健康)等多个方面，来使人们远离烟草，形成健康的生活习惯
犹豫不决阶段：考虑在未来6个月内倾向于吸烟的时期。认识并发现行为人身边的影响其吸烟的健康危险因素（朋友吸烟、家人影响、情绪等方面），减少或消除行为人接触的机会和时间，促进健康的生活方式和习惯
准备阶段：即将改变的时期，一个月内确立吸烟目标和时期，并且患者准备进行计划。明确行为人的计划和方式方法，从中找到行为发生改变的关键点（时间，促成因素等），针对关键点采取相应的遏制、控制行为
行动阶段：吸烟开始直到6个月。行为刚刚出现，通过家人劝阻，政府的吸烟控制行为等多方面来控制，促成行为人改变吸烟行为，恢复健康的生活方式
维持阶段：持续吸烟至少6个月。行为习惯形成，需要应用行为改变阶段理论来处理戒烟的相关问题，同样是应用没有准备阶段--犹豫不决阶段--准备阶段--行动阶段--维持阶段，来促成行为人戒烟的行为习惯的形成"
二十四、戒烟的政策措施,"监测烟草使用和预防政策
保护人们免受烟草危害
提供戒烟帮助
警示烟草危害
禁止烟草广告促销和赞助
增加烟税和提高烟价
第四章 社会调查研究方法"
一、社会调查研究方法的基本概念,"访谈法：即调查者与被调查者面对面或电话交谈，以获取所需信息的一种资料收集方式。访谈法又可分为结构式访谈、个别深入访谈和专题小组访谈等
自填问卷法：是社会调查研究中广泛应用的一种资料收集方法。本法要求被调查对象在规定的时间内自行完成问卷填写。最大的优点是省时、省力、花费少
文献法：也称历史法。即通过现有文献资料如统计报表、期刊和档案等历史资料进行分析和得出结论
定性研究：也称质性研究，是一种在自然的情景下，从整体的角度深入探讨和阐述被研究事物的特点及其发生和发展规律，以揭示事物的内在本质的研究方法
定量研究：通过调查收集人群发生某种事件数量指标，或探讨各种因素与疾病和健康的数量依存关系的研究"
二、社会医学的研究方法类型,"调查研究：根据调查事物发生的时间特点，调查研究可分为以下3类：
现况调查研究：是社会医学研究方法中的一种最基本的研究方法，即在特定时点或时期内，在某一人群中应用抽样的方法对当时人群的健康状况及其影响因素，社会卫生问题等进行调查研究，目的是分析被研究事物的现况。又称为横断面调查
回顾性调查研究：是一种由结果到原因的调查研究，即调查过去一定时期内社会医学研究所关注的问题如人群健康状况及其影响因素。常见类型包括病例对照研究等
前瞻性调查研究：是一种由原因到结果的调查研究，即调查观察一定时期后的人群健康状况及其影响因素等。特点是前瞻性，包括队列研究
干预研究：指研究者将研究对象随机分为实验组和对照组，将处理因素如干预措施给予实验组后，随访观察一段时间并比较两组人群结局的差异的一种研究方法
健康状况评价：新的健康状况评价指标包括无残疾期望寿命、健康期望寿命和伤残调整生命年等
健康危险因素评价：是研究危险因素与慢性病发病及死亡之间数量依存关系及其规律性的一种技术方法
生活质量评价：与健康相关生活质量是指在疾病、意外损伤及医疗干预等的影响下，测定与个人生活事件相联系的健康状况和主观满意度。生活质量评价就是指具有一定生命数量的人在一定时点上的生活质量表现。生活质量评价就是指具有一定生命数量的人在一定时点上的生活质量表现
卫生服务研究：卫生服务研究提出了有关卫生服务需求、卫生服务利用和卫生资源等方面的评价指标，并以卫生资源分配为主题，研究需求、利用和资源之间的相互关系，其根本目的是以有限的资源（包括卫生人力、物力、财力、技术和信息）尽可能满足广大居民的卫生服务需求，从而保护和促进居民健康，改善社会卫生状况"
三、我国现阶段卫生服务研究主要内容：,"社会因素对卫生系统影响
卫生系统结构、功能和经济分析
人群卫生服务需求评价
资源合理利用分配
卫生服务效果评价"
四、定性研究在社会医学中的应用,"辅助定量研究设计和提出研究假说：
研究人员在设计定量研究（如大规模的问卷调查）时，可以应用定性研究方法如专题小组讨论进行探索性研究，从中获得的信息有助于设计问卷调查，从而使问卷的内容、用词和表达方式等更适合于该研究人群
对于一些敏感性问题的研究（如艾滋病干预研究），在开展大规模定量研究之前，应用定性研究辅助设计是十分有益的
协助分析和解释定量研究结果：
定量研究有时会出现一些相互矛盾的研究结果或发现一些预料不到的用数量指标难以解释的现象，这时可以用定性研究的方法进一步探讨和识别
定量研究确定的因果关系，有时可能实际上并不存在这种关系，也可通过定性研究来揭示其真实本质
与定量研究相结合，可以比较综合、全方位和深入地揭示事物的现况及相关事物的内在本质和规律
快速评估，并为其他研究提供信息：当时间和财力不足时，可用定性研究快速评估研究人群的服务需求和所开展项目的效果等"
五、定量研究与定性研究的区别,"研究目的不同：
定量研究的重点是获得研究现象的数量指标和估计现象的水平
定性研究的重点在于深入细致地阐述事物的内在特点及其规律
抽样方法不同：
定量研究通常采用概率抽样方法选择研究对象，并用统计分析方法得出对总体的推断结果
定性研究通常采用非概率抽样方法抽取研究对象，它通常是对研究人群的特殊情况的研究，由于样本量很小，其结果一般不能外推
资料获取不同：
定量研究通常按照事先设计好的固定程序，在较短时间内即可获得所需资料，研究者与研究对象之间只有短暂的接触
定性研究则需要研究者与研究对象保持较长时间的密切和深入接触。收集资料的手段也往往较灵活而没有固定的模式
统计分析方法不同：
定量研究的结果一般用概率统计分析
定性研究一般是用分类的方法对收集的资料进行总结和分析"
六、定性研究的特点及优缺点,"特点：
注重事物的过程，而不是事物的结果
对少数特殊人群的研究，其结果不能外推
需要与研究对象保持较长时间的密切接触
很少用概率统计分析
优点：
通过对少量样本的深入、细致的研究分析。对研究的问题进行更深层次的探索
可以通过洞察和观察错综复杂的社会现象、不易控制的影响因素，找寻这些社会因素与健康和疾病之间的联系
在完整地把握社会现实、在深入了解社会现象和行为等方面，有着定量研究不能起到的作用
缺点：
结论不具有普遍性
主观洞察性的分析有可能获得真知灼见，也有可能导致荒谬的结论
主观性的分析或结论缺乏客观的评价标准，无法对不同的研究结论进行检验"
七、定量研究的特点及优缺点,"特点：
研究重点在于“验证假设”，一般有较为严密的逻辑架构
标准化和精确化程度较高
结果可以用具体指标表达，用概率统计的方法进行检验
具有较好的客观性和科学性，有较强的说服力
优点：
标准化和精确化程度较高。逻辑推理严谨。可检验性强，因而更客观，更科学
能够大大推进理论的抽象化和概括化，促进对现象之间普遍的因果关系的精确分析
缺点：
是对大量样本的少数特征作精确的计量，因而很难获得深入、广泛的信息，容易忽略事物深层次的问题
许多社会医学问题难以用数据进行界定，因而也无法进行定量分析
由于社会医学问题的复杂性，事物之间互相联系、相互影响，以统计量确定事物之间的因果关系有时非常困难
有些社会医学问题具有独特性，无法得出普遍的经验概括"
八、社会调查研究的基本程序,"提出研究问题：提出研究问题是社会调查研究的前提和关键，应注意需要原则、创新性原则、科学性原则、可行性原则
设计研究方案：研究方案的设计视研究问题来确定。它的基本内容包括：
技术路线：是对研究工作做出全面安排，以便按计划、分步骤、有条不紊地进行
实施计划：要确定研究的目的和目标、研究场所、经费预算等
资料的整理和分析计划：包括设计分组、设计整理表、资料分析计划等
收集资料：一项调查研究的目的和目标将决定需要收集的资料类型和所采用的方法，社会调查研究资料收集的方法包括：观察法、访谈法、自填问卷法、文献法、医学检查和理化分析
分析资料与解释结果：应用不同社会调查方法收集到的资料，其资料整理和分析方法各有特征
通过定量研究（如结构式问卷调查）收集到的资料，可以应用数据处理软件包（如EPI-Info、SAS和SPSS)等进行统计分析
通过定性调查研究方法（如观察法、个别深入访谈和专题小组讨论等）收集到的资料应按定性资料分析方法来进行
散发和应用研究结果：社会调查研究的中心目的是提供可用于指导有关社会卫生政策制定和社会卫生服务实践的信息。研究结果的散发可采用多种形式：包括学术交流、向有关机构和人员递交研究报告等、"
九、概率抽样方法的分类,"单纯随机抽样：是最基本的抽样方法，也是其他抽样方法的基础。其具体做法是先将调查对象的每一个个体全部编号，再用随机数字表或抽签、摸球、电子计算机抽取等方法随机抽取部分个体组成样本
系统抽样：又称等距抽样或机械抽样。它是先将调查对象按某一顺序号分成若干部分，再从每一部分中随机抽取一个体，并依次用相等间隔，机械地从每一部分各抽一个体组成样本
分层抽样：即先将研究对象按主要特征（如性别、年龄、职业、教育程度等）分为几层，然后再从每一层内随机抽取一定数量的个体组成样本
整群抽样：先将调查对象划分为若干“群”，再随机抽取其中若干“群”的全部个体组成样本，或从抽取的群体中再抽取若干样本，称两阶段整群抽样
多阶段抽样：也称多级抽样，即将整个抽样过程分若干阶段来进行。这是大型调查研究中常用的一种抽样方法"
十、非概率抽样方法的分类：,"在非概率抽样中，每一个调查对象被选中的概率是未知的，一般不能讲样本对总体具有代表性，不能估计抽样误差的大小。常用的非概率抽样方式有以下五种：
滚雪球或链锁式抽样：选定并调查几个具有所需要特征的人，再将这部分对象作为提供情况者，依靠他们去选定其他合格的人。然后研究者调查这些合格的人，再通过他们去选定更多的可被调查的对象。如此类推下去，样本就像滚雪球那样越来越大
目的性随机抽样（立意抽样或判断抽样）：为了提高研究结果的可信度并缩小样本的数量，根据调查研究目的的需要对研究对象进行随机抽样
方便抽样（偶遇抽样/自然抽样）：选择一些方便的、生活上最接近或住的最近的人作为研究对象。此法最大的优点是省时、省力和花费少。没有一定标准，获得的结果缺乏针对性，影响研究结果质量
机遇式抽样：根据当时当地的具体情况进行抽样，特点是给研究者比较大的灵活性，而且可以得到一些事先意想不到的调查结果
综合式抽样：根据研究的实际情况结合使用上面不同的抽样方法选择研究对象
定额抽样（配额抽样）：比偶遇抽样复杂一些的非概率抽样方法。是将总体依据某种标准分层，然后按照各层样本数与该层总体数成比例的原则主观抽取样本"
十一、社会调查研究资料收集的方法,"观察法：即通过对事件或研究对象的行为及其影响因素等进行直接的观察来收集数据，是定性研究方法中收集非语言行为等资料的一种主要方法。它广泛应用于健康社会学和医学人类学研究
访谈法：即调查者与被调查者面对面或电话交谈，以获取所需信息的一种资料收集方式。访谈法又可分为结构式访谈、个别深入访谈和专题小组访谈
自填问卷法：是社会调查研究中广泛应用的一种资料收集方法。本法要求被调查对象在规定的时间内自行完成问卷填写。此法最大的优点是省时、省力、花费少。能够避免尴尬，保证完全匿名，但灵活性较差，如果回收率低难以保证代表性
文献法：也称历史法。即通过现有文献资料如统计报表、期刊和档案等历史资料进行分析和得出结论。来源包括官方公布的人口普查等资料、有关组织统计年报、有关期刊杂志。优点是可以研究不能直接观察的对象，适用于时间跨度很大的纵向研究。但文献本身可能有偏误缺乏代表性
医学检查和理化分析：通过医学检查和各种物理化学的分析，使研究者可以获得有关社会卫生状况和人群健康状况方面的全面资料。缺点包括受技术手段限制、所花费的人力物力财力较大"
十二、问卷调查的相关概念,"问卷：是调查研究中用来收集资料的一种测量工具，它是由一组问题所构成
的表格
问卷调查：是由受过培训的调查员利用精心设计好的问卷收集资料而开展的一种调查研究方法。在实际操作中问卷调查包括访谈式问卷调查和自填式问卷调查"
十三、问卷的基本结构,"说明部分：用于介绍研究者身份、调查目的和意义，同时解释如何填写问卷（也称指导语）等，目的是取得被调查者的信任和理解并引发其参与调查的兴趣
调查项目：调查项目是问卷的主体部分。它是由一系列围绕研究目的和框架而编制的问题组成。在社会调查研究中，调查问题一般可分为特征问题、态度问题和行为问题三大类。特征问题指被调查对象基本特征或背景信息的问题，态度问题指测量被调查者对某件事物的看法等主观信息，行为问题测量被调查对象的某些行为和事件。根据问答方式分为开放式和封闭式问题，开放式问题可让被调查对象自由发挥，资料丰富生动；但费时、回答率低、统计分析困难。封闭式问题容易回答、省时，便于统计分析
资料登录：资料登录是问卷管理和资料分析必不可少的一部分。包括调查项目之前的问卷名称、每个调查问题的编码和问卷结尾部分调查者姓名、调查地点和日期等"
十四、问卷设计的步骤,"确定调查主题或变量：根据研究目的，收集并列出在该项调查中需详细调查的主题或所需测量的变量，然后与其他感兴趣的研究人员或同道或被研究对象一起讨论并做必要的提炼，同时还可应用非结构式访谈或小组讨论形式进行探索性研究，以便确认其他具有潜在重要性的主题或变量
设计问卷初稿：根据确定的调查主题或变量设计相应的问题，并将零散的问题按照一定结构组织成一份问卷初稿
预调查和修改：设计好的问卷初稿需经过试用或预调查，以便发现和修改问卷中的问题，如用词是否恰当等
效度和信度检验：通过效度和信度检验来评价问卷的质量"
十五、问卷设计中开放性问题优缺点,"定义：只向回答者提问，而不为回答者提供备选答案
优点：
可用于事先不知道问题答案有几种的情况
可让被调查对象自由发挥，收集到丰富生动的资料（最大优点）
适用于问题较多
缺点：
适用范围有限
花费较多时间精力，回答率低
统计处理困难，易混杂与研究无关信息"
十六、问卷设计的注意问题或常见错误,"避免双重装填：即避免在一个问题中混杂着两个甚至更多个变量，因为它会导致应答者难以作出准确回答
避免用词不当：即尽量不使用含糊不清的词，同时避免使用专业术语、俗语和缩写词等
避免诱导性提问：这类提问会人为地增加某些回答的概率，从而产生偏误，最好采用中性的提问
避免抽象性提问：抽象概念的提问一般较难回答，问卷如果一定要涉及抽象概念的提问，最好给出一些具体的看法，让回答者仅回答赞成与否
敏感性问题：如涉及政策，社会规范、伦理、个人隐私等问题应充分强调保密性问题，并用假定法来提高问卷应答率"
十七、信度和效度的相关概念,"信度：指对同一事物进行重复测量时，所得结果一致性的程度，即测量工具的稳定性或可靠性。包括复测信度（或重测信度）、复本信度和折半信度
效度：指测量结果与试图要达到的目标之间的接近程度，它反映调查的真实性。效度高，表明调查结果真实地测量到了调查对象的实际情况和特征。包括表面效度、内容效度、结构效度和准则效度
复测信度：也称重测信度，即用同一问卷在不同时间对同一对象进行重复测量的一致程度
复本信度：设计另外一种与问卷在测量内容、难度、长度、问题排序、应答形式及统计方法等方面高度类似的问卷，同时测量研究对象，评价两个问卷测量结果的相关性
折半信度(R)：将一个问卷分拆为两半，分别作为各自的复本。一般来说，信度系数达到0.8以上，才能认为问卷的信度较好
表面效度：从表面上看，问卷能否测量研究者想要了解的问题。这是一个由专家评价的主观指标
内容效度：该指标评价问卷所涉及的内容，能在多大程度上覆盖研究目的
要求达到的各个方面和领域，属于主观指标。在实际工作中，只能由专家根据自己的经验，判断问卷表达内容的完整性
结构效度：用两个相关的相互可以取代的测量尺度对同一概念交互测量，如能取得同样结果，可认为有结构效度，一般可用相关分析、因子分析等方法来评价结构效度
准则效度：即评价问卷测量结果与标准测量即准则间的接近程度"
十八、信度与效度的关系,"不可信的测量一定是无效的。即信度不高，效度也不高
可信的测量，既可能是有效的，也可能是无效的。即信度高，不一定效度也高
无效的测量，可能是可信的，也可能是不可信的。即效度不高，信度可能高，也可能不高
有效的测量，一定是可信的测量。即效度高，信度也高"
十九、观察法的概念、分类和特点,"概念：
观察法：通过直接观察研究对象的行为及其影响因素等进行资料收集、整理和分析工作，目的是了解和认识人类社会现象及其本质，分析其发展及变化趋势等。观察法依据研究者参与程度分为非参与型观察和参与型观察两类
参与型观察法：
概念：
观察者需深入观察对象的生活社区，直接观察、记录和积累被研究对象的行为现象、变化规律及其影响因素等，然后对其进行科学的分析和得出结论
特点：
观察的情境比较自然，观察者不仅能够对被研究对象的社会文化现象和行为特征等得到比较具体的感性认识，而且可以深入其内部，了解他们对自己行为意义的解释
具有开放、灵活的特点，允许研究者根据研究问题和情境的需要不断调查观察的目标、内容和范围
在参与型观察中，由于研究者与被研究者之间的关系比较灵活，研究过程存在互动性，因此研究可以融入双方的决策
参与型观察操作起来比较复杂，因而对研究者要求较高
非参与型观察法：
概念：
观察者通常置身于被观察的世界之外，作为旁观者了解事物的发展动态
特点：
由于本方法不要求研究者直接进入到被研究者的日常生活，研究者操作起来比较方便
研究者较难对研究现象进行比较深入的了解，不能像参与性观察那样遇到疑问时可以及时发问
可能受到一些条件的限制如观察距离太远，研究者无法看到或听到正在发生的事件
由于观察的情境是人为的，当观察对象知道自己的行为被人观察或研究时，行为动机常常受到影响，以致发生不符常规及本质的行为特征，从而导致结果不准确，甚至研究工作难以继续"
二十、观察法的应用、实施步骤、优缺点及不适用的情况,"应用：
了解人类行为及其特征，通常所用的调查方法，主要采用面谈或填表的方式了解人的行为或行为动机，但不能直接看到行为的本质特征和内在意义。对人的行为痕迹研究则只能通过观察法进行
研究社会隐藏或敏感问题：当有关社会现象很少被人所知时，可以应用隐蔽性式参与型观察法进入研究现场，以便获得相对“真实”的信息
监测行为变化规律：对人的工作、生活、交际过程中的行为活动进行连续观察，分析其规律特征是观察研究的重要内容
开展深入的个案调查：研究者可以将所研究的个案放到当时当地的社会文化情境之中，对事件的发生过程以及社会成员之间的行为互动关系获得较为直接、完整和全面的了解
协助提出研究假设：当研究者希望发现新观察、形成新的研究假设时，可以利用探索性参与型观察收集原始资料、并根据自己的印象和判断提出新的初步理论假设，然后通过其他研究方法解释和验证，形成新的基本理论
实施步骤：
做好观察前的准备工作
进入现场
开展现场观察及收集资料：一般从开放到集中，先进行全方位观察，然后逐步聚焦。常是对观察对象或现象进行连续性追踪观察。记录在观察法研究中占有重要位置，是观察必不可少的步骤
结束现场观察：离开现场时应向观察对象致谢，既是科研道德要求，也能取得研究对象信任
整理和分析资料：现场分析结果优点是有利于补充观察中遗漏的资料，尤其是偏远的观察现场。如果设计周密、收集资料仔细完整也可在离开后分析
优点：
资料的可靠性较高，观察法是对人的行为等进行直接的观察，可以较好地控制调查时的偏倚因素，获得相对真实可靠的信息。避免调查对象有被研究感受，避免反应性行为改变或产生应答偏倚
具有一定的时间弹性：观察时间长短是由研究内容决定的，并非所有的观察研究都需要很长的时间
具有一定的费用弹性；随着观察方法的广泛应用及行为记录设备的现代化，进行内容广泛、深入的观察研究也需要一定人力及设备
缺点：
观察研究虽然能收集定量资料，但是以收集定性资料为主
较难获得“有说服力”的统计量
观察研究的结果不能外推
不适用情况：
对研究对象进行大规模的宏观调查
对过去发生的行为或隐秘的私人生活进行调查
对社会卫生状况等进行统计和量化分析"
二十一、个别深入访谈的概念、作用、实施步骤及优缺点,"概念
个别深入访谈：是指研究者向一位被研究者进行访谈，通过两个人之间的个人互动对研究的问题进行探讨的一种研究方法
作用：
深入了解被研究对象的所思所想，包括他们的价值观、对事物的看法、情感感受和行为特征等
深入细致地掌握被研究对象过去的生活经历以及他们耳闻目睹的有关事件，并了解他们对这些事件的理解和解释
通过个别深入访谈，可以对研究的现象获得一个比较广阔和全面的视野，能从多重角度对研究现象的过程进行深入、细致的描述
帮助研究者和被研究对象之间建立相互熟悉和相互信任的人际关系，以便今后进一步交流、合作和相互支持
实施步骤：
访谈前的准备工作：
设计访谈提纲：访谈提纲是根据研究目的和内容而确定，一般需列出访谈者认为在访谈中应该了解的主要问题和应该覆盖的内容范围
确定访谈时间和地点：确定访谈时间和地点的原则应以方便受访者为主，每次访谈时间应在1~2小时之间
与受访者协商有关事宜：个别深入访谈的成功与否在很大程度上取决于研究者与受访者之间的合作和信任关系
个别访谈的现场实施：
提问：学会随机应变，根据具体情况选择最佳的提问方式。尽量少用封闭型问题，在内容和结构上应灵活宽松一些。还要使用追问，即访谈者就受访者前面提到的观点等进一步探寻，其最基本原则就水使用受访者自己的语言和观念来询问他们自己曾经谈到的看法和行为等
倾听：倾听应遵循的两条原则：不轻易打断对方的谈话：容忍沉默
回应：指的是在访谈过程中访谈者对受访者的言行作出的反应，它包括言语反应和非言语反应。通常包括：认可、重复、自我暴露和鼓励对方
个别访谈的资料收集：访谈时可使用录音记录或笔录，或可两种方法同时使用
优点：
与问卷调查相比，个别访谈法具有更大的灵活性和对事物进行解释的空间，它获取的信息更加深入、详细和全面，有时还能获得意想不到的发现
与观察法相比，访谈可以探究受访者的内心世界，了解他们的心理活动和思想观念
个别深入访谈还能深入地了解行为发生的背景和影响行为的广泛决定因素
在个别访谈研究过程中，研究者有更多机会分享和了解应答者的观点，以及他们在更广泛问题上的信念、经历和语汇等
可用于研究个人隐私或敏感性问题
缺点：
成功地使用这种方法需要具有高度熟练技巧和受过专门培训的调查员，这些调查员本人必须清楚地了解研究目的
对每一名应答者的个别访谈都会产生大量信息，记录和分析的方法却非常耗时
解释资料也需要丰富的经验和高水平的技巧"
二十二、专题小组讨论的相关概念,"专题小组讨论：通过召集一小组（通常为6~12人）同类人员，对某一研究专题在主持人的协调下展开讨论的一种定性研究方法。要求讨论的内容应集中在较狭窄的范围内，以便讨论能够深入进行，同时要求参与人员有相同的背景和兴趣，以便能够顺利进行
选题小组讨论：是一种程序化的小组讨论过程，其目的是为了找问题，并把所发现的问题按其重要程度排列出来，即要在一个由具有各种不同既得利益、不同思想意识和不同专业水平的人组成的小组中发掘问题并排出先后次序，用于发现运作过程中的问题、确定优先领域、筛选评价指标等
德尔菲法：是在专家会议预测法的基础上发展形成的，其核心是通过2~4轮函询征求专家们的意见，并对每一轮的意见都进行汇总整理，作为参考数据再寄发给每位专家，供专家们分析判断，提出新的意见，如此多次反复，得到一个比较一致的且可靠性较大的结论或方案"
二十三、专题小组讨论的应用，基本步骤及优缺点,"应用：
获取群体对某事物的态度或评论等：如用于探索被服务对象对社会卫生策略或服务项目等的一些开发性评论，以便研究者根据反馈建议相应地制定或调整项目计划
用于快速需求评估：如用于探索某个具有特定文化背景人群的卫生服务需求，以便快速发现他们所面临的主要社会卫生问题和找出适合于他们的卫生服务内容和形式等
帮助确定研究设计、形成研究假设：由于专题小组讨论的参与者是一个群体，研究者可通过充分利用群体成员之间的互动关系对问题进行比较深入、全面的探讨
解释定量研究结果：在定量研究结束后，还可用专题小组讨论法进一步收集有关信息，以补充定量结果的内容和帮助解释某些结果
评估项目开展情况：如实施一项社会卫生策略和服务后，可通过小组讨论形式了解被服务对象对该项目的看法和建议以及评估项目的实际效果等
基本步骤：
确定研究目标和讨论内容
制定讨论提纲
确定参加人员
选择和培训工作人员
计划和安排后勤工作
开展讨论与收集资料
资料的管理、分析和报告
研究结果的分发和行动
优点：
可以获得群体对某事物的具有一定广度和深度的看法
与结构式问卷调查相比，可以较好地了解到调查对象地观念、信念、看法、态度和经历等方面的信息，因此在社会调查研究中应用很广泛
与个别访谈相比，专题小组讨论省时间、省费用，在较短的时间内获得较丰富的信息
缺点：
不适合讨论非常敏感的主题
由于在一个群体里，总是有人比较喜欢抛头露面、夸夸其谈，而另一些人比较含蓄、害羞，这对那些不善言谈的人可能会造成心理压抑而不愿意表达自己的观点
第五章 健康状况评价"
一、个体健康状况评价的途径或方法,"个体的健康状况包括躯体、心理和社会三个维度的健康，是一个多维的概念，是连续统一体。评估个人健康水平的方法包括：
试验健康：用试验测量健康水平，如实验室的试验，或者其他功能和认知能力试验
观察健康：根据专业人员的观察、临床评估或其他评定方法测量健康水平
自报健康：要求个人自己报告其健康水平，如通过家庭访谈调查、电话访谈调查或邮寄调查表。自报健康很容易受各种因素的影响，如个人的经济状况，文化水平等"
二、群体健康状况评价的途径,"个体的健康状况是群体健康状况评价的基础，群体的健康状况评价为个体健康状况预测提供依据。主要涉及健康水平评估，但宏观上受到社会、经济、卫生保健体系等影响，微观受个人行为和生活方式影响。群体健康状况评价的途径主要有两个：
文献法：即通过现有统计和报告资料，获得有关健康和健康相关因素的信息。这种途径比较快捷，但是有些指标的特异性不够强
调查法：即通过询问或自我填写问卷的方法，逐个了解居民的个人状况，然后汇总成群体的健康信息"
三、健康状况评价的概念或程序,"明确健康状况评价所依据的健康概念：健康概念既有世界卫生组织提出的躯体、心理和社会三个方面完满状态的概念，也有外行人所认为的健康就是能够完成日常生活活动的概念。依据不同的健康观，就会产生不同的健康状况评价框架，产生不同的评价方法
把所依据的健康概念具体化，形成若干范畴：一个抽象的概念是不可能用于测量的，只有变成了具体的范畴，才有可能找到一些有针对性的测量指标
根据所确定的范畴，寻找适宜的有针对性的指标：指标应当具备有效、可靠、灵敏和特异这四个特征。健康状况评价的指标选择有两个渠道，一个是参考权威专家的意见，可以通过召开专家论证会，或者专家咨询法（特尔菲法）对指标进行筛选；另一个是参考现有的文献，在有关文献当中寻找适宜的指标
有效性指的是指标能够真实地反映所研究的内容
可靠指的是测量的可重复性好
灵敏指的是随着健康状况的微小变化指标发生改变反应该变化的程度高
特异说明指标有针对性
根据所选定的指标，制定收集有关资料的计划，开展收集资料的工作：资料的来源包括调查法和文献法
分析指标，归纳结果：把来自调查和文献法的资料加以整理，形成指标，把指标归类，形成结果。通过对结果的综合分析，评价健康状况，得出评价的结论"
四、健康状况评价的意义或原因,"评价个体或群体的健康水平
发现主要的社会卫生问题
发现重点保护的人群及重点防治的对象
评价疾痛干预措施的效果
选择最佳疾病控制方案"
五、健康相关指标,"影响健康的环境指标
人口学指标：
人口自然增长率：是在一定时期内，人口的自然增加数与年平均人口数（或年中人数)之比，计算公式为：人口自然增长率=人口出生率—人口死亡率
人口负担系数：又称抚养比或抚养系数，说明人口年龄构成对社会经济状况的影响，它是指人口中非劳动年龄人口数与劳动年龄人口数之比
老少比：又称为老龄化指数，是指60岁及以上人口与0至14岁人口数之比，该指标<15%为青年人口型，15%~30%为成年人口型，>30%为老年人口型
人口系数：分为老年人口系数和少年人口系数。老年人口(60岁及以上或65岁及以上)在总人口中所占的比例为老年人口系数；少年人口(14岁以下儿童数)在总人口中所占的比例为少年人口系数
年龄中位数：反映人口老龄化的一个指标。即将人群分成数量相等的两部分，这个分界年龄就是年龄中位数
人口类型：国际上建议将人口划分为年轻型、成年型和老年型
自然环境资料：
公共场所卫生监督率：指卫生监督部门根据公共场所卫生管理条例的规定，定期对公共场所进行卫生监督，其中合格场所所占的比例。包括：公共场所监测、卫生许可证、卫生技术指导；从业人员健康检查；卫生审查、竣工验收
年空气污染天数比例：在一年当中空气污染超过三级的天数所占的比例。用来说明环境对健康的影响
有毒有害作业点年监测覆盖率：有毒有害作业点根据国家颁布的劳动卫生法令规定进行年监测的百分比称为有毒有害作业点年监测覆盖率
人均占有公共绿地面积：为城区绿地总面积包括园林绿地面积和道路绿化覆盖面积两部分与同期人口总数之比
人均居住面积：指专供人居住的房屋面积，不包括辅助设施的面积（厨房、卫生间、浴室、过道等)
垃圾管理合格率：垃圾管理合格指除垃圾站符合卫生标准外，垃圾日产日清，垃圾搬运过程中无散落，有统一的垃圾集中堆放场所。垃圾管理合格率是垃圾管理合格的评价单位数与评价单位总数之比
卫生厕所普及率：指厕所有墙、有顶，厕坑及贮粪池无渗漏，厕内清洁，无蚊蝇，粪便定期清除并进行无害化处理。应当对城市和农村的厕所进行分别评价
每万人拥有公共厕所数：指公共厕所，不包括居民户院内的厕所
自来水入户比例：指家庭独用自来水占家庭总数的百分比"
二次供水点监测合格率：指一年中二次供水点的水检测合格的比例,"社会环境资料
15岁以上人口识字率：指15岁及以上人口中识字600以上的人数占15岁以上总人口的比例，又称成人识字率，其中以妇女识字率最为重要。它反映当地人口的文化素质。母亲是儿童第一任教师，在家中提供全家初级保障
人均国民生产总值：GNP per capita
人均国内生产总值：GDP per capita
人均收入
劳动人口就业率
食品支出占总支出的比例：恩格尔系数
卫生保健指标："
六、健康状况的指标,"人口统计指标
疾病统计指标
生长发育指标"
七、世界各国重视婴儿死亡率和平均期望寿命的原因,"婴儿死亡率：是衡量一个国家或地区（人群）社会卫生状况的敏感指标，经常用于地区间和国家间的比较。世界各国都十分重视婴幼儿死亡状况的分析研究。原因有以下几方面：
婴儿死亡率在绝大多数国家相对其他各年龄别死亡率而言都是最高的，各国各地区之间相差悬殊
婴儿死亡率对平均期望寿命和人口增长影响很大
婴儿死亡率的分母是当年出生活产数，不受人口构成影响，具有可比性
婴幼儿时期，对社会经济、环境和卫生条件的变化比较敏感，而且在婴幼儿的各个时期死亡率有明显差异
因而，婴儿死亡率是反映社会经济、文化教育、卫生保健事业发展和评价妇幼卫生工作的综合和敏感指标之一
平均期望寿命：是反映一个国家或地区的人群社会经济条件和卫生、营养状况的敏感指标。经济发达的国家，平均期望寿命高，婴儿死亡率低"
八、健康状况评价指标的获得途径,"生命统计资料：是一种重要的和基本的资料来源。包括出生、死亡、结婚等
人口普查资料：是社会、经济和人口统计情报的重要来源
卫生服务常规登记：好处在于资料易于获得，费用低，信息量大，客观，易于分析且具有连续性，可以用来进行纵向分析；缺点在于第二手资料所具有的缺点以及资料的完整性和准确性的问题。第二手资料的缺点是在收集资料时没有针对要解决的具体问题或要完成的任务，使用中感到不能满足需要；另外由于填报资料人员没有受过培训或责任心不强造成资料质量问题
抽样调查：有些资料无法从常规登记资料当中获得，需要组织专题现场调查
疾病登记：常常可以提供某个系统或某种疾病的发病、死亡、治疗和其他情报
流行病学监测：疾病和死亡的监测已经为我国制定卫生政策提供了重要信息
其他资料：指的是卫生部门以外相关部门的资料，或者是非卫生专业人员协助搜集的资料"
九、健康状况评价方法,"症状功能评价法：症状和功能状况评价依据的是被调查者的自我感觉，测定的是自报健康。它和测量到的健康不同。症状的特点是敏感性，功能则代表着躯体功能和社会功能，功能的特点是社会性，躯体功能代表着完成某些特定行为的能力，社会功能指扮演社会或职业角色的能力。把症状和功能结合起来，组成自填式量表，这就是症状功能评价方法
寿命表法：目前有很多寿命表评价方法，考虑了早死、残疾、疾病状态对健康的影响，利用现有的疾病和死亡资料（或指标）对传统的疾病和死亡指标加以改进或发展。包括减寿人年数、无残疾期望寿命、健康期望寿命、伤残调整生命年及伤残调整期望寿命等"
十、症状功能评价法的用途,"评估：包括对个体和群体健康状况评价，并依据评价结果制定相应的措施；还可以对某些健康干预项目的措施进行效果评估
诊断：临床上可以用于辅助诊断，作为筛检的一种手段。可以将诊断过程量化，把自报健康状况与实验室诊断结果进行相互对照，找出患者疾病的原因及其影响因素
预测：对于症状和功能的评定，可以获得一个分值。量表的得分分布对于个体和群体的健康具有预测作用，可用来预测若干年后的发病、患病和死亡"
十一、症状功能评价法的量表条目的搜集方法,"文献法：从已有的文献当中搜集相关条目。方法简单易行但是受到以往经验的片面性限制
专家咨询法：邀请目前对该研究目的有丰富经验的专家提出相关条目。获得的信息丰富，但同样受到专家立场的局限
定性研究方法：通过访谈，深入了解调查对象对于各种健康问题的体验。方法的优点是避免了设计者的主观意志，条目也容易被调查对象所理解，而且不脱离实际。但相对于前两种方法较费时费力"
十二、症状功能评价法的常用量表,"康奈尔医学指数：用于筛查人群的躯体和精神功能障碍的症状和功能指数。共有18个部分，共195个问题。问题涉及四个方面的内容：躯体症状；既往史和家族史；一般健康和习惯；精神症状
总体健康问卷：主要测量躯体症状、焦虑、失眠、低社会交往功能和严重抑郁，为四等级计分量表
明尼苏达多向人格问卷：主要测量躯体健康状况、婚姻状况、社会态度、情绪反应、运动失调、心身疾病和精神病"
十三、用寿命表法进行健康状况评价指标的特点,"传统寿命表指标：如平均期望寿命，其观察终点是死亡，只反映健康的最坏极端状态给人的寿命带来的影响，只反映生存情况，不反映生存者的健康情况（即生存质量）
新的寿命表指标：包括减寿人年数、无残疾期望寿命、健康期望寿命、伤残调整生命年及伤残调整期望寿命等，考虑了早死、残疾、疾病状况对健康的影响，利用现有的疾病和死亡资料（或指标）对传统的疾病和死亡指标加以改进或发展，以弥补传统寿命表的不足"
十四、健康期望寿命和伤残调整生命年的相关概念,"健康期望寿命：也称为活动期望寿命，是以生活自理能力丧
失率为基础计算获得，指的是人们能维持良好的日常生活活动功能的年限，终点是日常生活自理能力的丧失。它可以客观地反映群体的功能状况，使功能健康定量化，可以确定高危人群，反映个体的生活质量，而且有助于卫生政策和卫生规划的制定
日常生活活动能力：包括饮食、穿衣、修饰、洗澡、上厕所等。当以上活动需要帮助和完全依赖帮助时称为活动受限
伤残调整生命年：是衡量健康生命损失情况的单位。指疾病死亡损失健康生命年与疾病伤残（残疾）损失健康生命年相结合的指标，是生命数量和生命质量以时间为单位的综合性指标
伤残调整期望寿命：DALE是评价人群健康状况的正向指标，它扣除了死亡、残疾和疾病对于健康的影响，衡量的是完全健康的期望寿命
减寿人年数：指某一人群在一定时期内（通常为一年）在目标生存年龄（通常为七十岁或出生期望寿命）以内死亡所造成的寿命减少的总人年数。其最大优点是把死亡人数和死亡年龄结合起来考虑，能概括地说明某疾病对整个人群寿命的影响，弥补了死亡率只反映疾病影响人数量的不足
无残疾期望寿命：以残疾作为观察终点，代替普通寿命表中以死亡为观察终点。它运用现时寿命表的计算原理，通过扣除处于残疾状态下所消耗的平均寿命，从而得到无残疾状态下的预期平均生存年数，此指标综合了死亡率和残疾与活动受限率两个指标。可以在一定程度上反映一个国家或地区人群的生活质量，以及当地社会经济和卫生状况的综合水平"
十五、健康期望寿命和伤残调整生命年的用途,"健康期望寿命的用途：
可以客观地反映群体的功能状况
使功能健康定量化
可以确定高危人群
反映个体的生活质量
有助于卫生政策和卫生规划的制定
伤残调整生命年的用途：
找出某地区严重危害健康的疾病和主要的卫生问题
通过干预前后DALY指标的比对，可评价某项措施是否得力
比较几种干预措施的DALY效果，选择最佳的方案来控制重点疾病
进行全球疾病负担分析"
十六、无残疾期望寿命分类,"残疾分类：分为三个层次
功能形态残疾：为残疾的第一级，一般为病伤后遗症，使人体结构和功能发生缺陷或异常
日常生活能力残疾：指人体的结构缺陷和功能障碍使残疾人丧失应具备的能力
社会功能残疾：人体的结构缺陷和功能障碍影响残疾人参加社会活动，或虽具备参加社会活动能力，因受歧视而被迫脱离社会的残疾。每一层次的残疾分为精神残疾和躯体残疾
活动受限：
日常生活活动能力：包括饮食、穿衣、修饰、洗澡、上厕所等，当一项活动需要帮助和完全依赖帮助时称活动受限。双目失明等为永久性活动受限，可治愈或能康复的病伤造成的活动受限称为暂时性活动受限
工具使用的日常生活活动能力：是一种社会适应能力，失去后影响正常社会生活包括购物、处理金钱、做饭、做家务和旅游
躯体综合功能：衡量社会参与和生活自理能力，包括屈蹲、手举到头上、手指拿东西、抬举二十斤重物，行走半里路"
十七、健康状况评价的常用综合指标,"生活质量指数：用于衡量一个国家或地区人民的营养，卫生保健和国民教育水平的综合指标。PQLI=[(识字率指数，即15岁及以上人口中识字人数的百分比)+（婴儿死亡率指数）+(1岁平均寿命指数)]/3
美国社会健康学会指标：用来衡量发展中国家执行满足基本需要发展战略的成果。ASHA=(就业率×识字率×平均寿命/70×GNP增长率)/总出生率×婴儿死亡率
社会卫生状况：是指人群的健康状况，以及影响人群健康的诸社会因素的状况"
十八、进行健康状况综合评价的原因,"单一指标只能孤立地测量一部分健康现象
多个单一指标共同评价时，会出现多种组合和量的差异，不同的评价者得出不同结论
综合指标是通过某种方法或法则将多个单一指标结合起来所产生的一个新指标。它是评价个体或群体健康状况的理想指标，具有简便、综合、明确、便于比较的优点"
十九、卫生服务需要、需求与利用的相关概念,"卫生服务要求：反映居民要求预防保健、增进健康、摆脱疾病、减少致残的主观愿望，不完全是由自身的实际健康状况所决定。居民的卫生服务要求可以从两方面来体现：一是公众对政府卫生与健康相关部门和机构的希望、要求和建议等；二是可以在专门组织的健康询问调查中收集居民的卫生服务要求
卫生服务需要：主要取决于居民的自身健康状况，是依据人们的实际健康状况与“理想健康状态”之间存在的差距而提出的对医疗、预防、保健、康复等卫生服务的客观需要，包括个人察觉到的需要和由医疗卫生专业人员判定的需要
卫生服务需求：从经济和价值观念出发，在一定时期内、一定价格水平上人们愿意且有能力消费的卫生服务数量。一般可分为两类：由需要转化而来的需求；没有需要的需求
卫生服务利用：需求者实际利用卫生服务的数量（即有效需求量），是人群卫生服务需要量和卫生资源供给量相互制约的结果，不能直接用于评价卫生服务的效果
潜在卫生需要：卫生服务需要主要取决于居民的自身健康状况，是依据人们的实际健康状况与“理想健康状态”之间存在的差距而提出的对医疗、预防、保健、康复等卫生服务的客观需要，包括个人觉察到的需要、卫生专业人员判定的需要和在的卫生需要。通过人群健康筛检发现未觉察到的卫生服务需要，对医疗服务和预防保健工作具有积极的意义"
二十、卫生服务需要、需求、利用之间的关系,"区别：
卫生服务需要主要取决于居民的自身健康状况，是依据人们的实际健康状况与“理想健康状态”之间存在的差距而提出的对医疗、预防、保健、康复等卫生服务的客观需要，包括个人察觉到的需要和由医疗卫生专业人员判定的需要
卫生服务需求是从经济和价值观念出发，在一定时期内、一定价格水平上人们愿意而且有能力消费的卫生服务量
卫生服务利用是需求者实际利用卫生服务的数量（即有效需求量）
联系：卫生服务需求是由需要转化而来，需求通过对卫生服务的实际利用得到满足。但人们的卫生服务需要不可能都转化为需求
人们可能由于前述的种种主观和客观原因，不能或没能使需要转化为需求而未去寻求卫生服务利用
由于卫生资源有限、配置不合理，以及存在服务质量差、效率低的现象，无论是由需要转化而来的需求，还是没有需要的需求，都难以得到完全满足
实际满足与否及其满足程度取决于卫生服务的供给量
供给量>需求量：需求得到满足，卫生资源利用效率低下
供给量<需求量：需求不能得到全部满足，出现等待就诊、住院及未能得到应有的服务"
二十一、卫生服务需要的测量与分析指标,"卫生服务需要是居民实际健康状况的客观反映，通常可以通过对人群健康状况的测量与分析来判断人群的卫生服务需要，包括需要量的水平、范围和类型等。目前常用疾病指标和死亡指标来反映人群的卫生服务需要
在死亡指标中，常用婴儿死亡率、孕产妇死亡率和平均期望寿命这三项指标反映一个国家或地区居民的卫生服务需要量水平，综合反映社会发展水平。此外，死因顺位及构成，也是反映居民卫生服务需要量的重要指标
反映居民医疗服务需要量和疾病负担的指标：主要由疾病发生的频率指标和严重程度两类指标组成，通常需要通过调查方能得到，如家庭健康询问抽样调查
疾病频率（度）指标：
两周患病率=前两周内患病人（次）数/调查人数×100%
慢性病患病率=前半年内患慢性病人（次）数/调查人数 *100%
健康者占总人口百分比：即每百调查人口中健康者所占的百分比
疾病严重程度指标：
两周卧床率=前两周内卧床人（次）数/调查人数 *100%
两周活动受限率=前两周内活动受限人（次）数/调查人数 *100%
两周休工（学）率=前两周内因病休工（学）人（次）数/调查人数×100%
两周患病天数=前两周内患病总天数/调查人数
失能率、残障率以及两周卧床天数、休工天数、休学天数等"
二十二、卫生服务利用的测量与分析指标,"卫生服务利用的资料主要来源于常规卫生工作登记及报表。卫生服务利用可分为医疗服务（包括门诊服务和住院服务)、预防保健服务及康复服务利用等
门诊服务利用：主要指标有两周就诊率、两周患者就诊率、两周患者未就诊率等，用来反映居民对门诊服务的需求水平和满足程度
两周就诊率=前两周内就诊人（次）数/调查人数 *100%
两周患者就诊率=前两周内患者就诊人（次）数/两周患者总例数×100%
两周患者未就诊率=前两周内患者未就诊人数/两周患者总例数×100%
住院服务利用：指标主要有住院率、住院天数及未住院率，可用于了解居民对住院服务的利用程度，还可以进一步分析住院原因、住院医疗机构与科别、辅助诊断利用、病房陪住率，以及需住院而未住院的原因等，从而为确定医疗卫生机构布局、制订相应的病床发展和卫生人力规划提供依据
住院率=调查前一年内住院人（次）数/调查人数×100%
人均住院天数=总住院天数/总住院人（次）数
未住院率=需住院而未住院病人数/需住院病人数×100%
预防保健服务利用：
计划免疫
健康教育
传染病控制
妇幼保健等"
二十三、卫生服务需要与利用指标的应用,"测算目标人群卫生服务需要量和利用量
为合理配置卫生资源提供依据
计算疾病造成的间接经济损失"
二十四、影响卫生服务需要与利用的因素,"居民自身的健康状况是决定性因素，凡是能影响居民健康和社会卫生状况的各种因素都可直间接影响卫生服务需要和利用
主要影响因素：
人口数量及其年龄性别构成：在其他因素不变的情况下，服务人口数越多，卫生服务需要量和利用量越大
社会经济因素：不同的社会经济发展水平是造成不同国家或地区居民健康水平差异的一个重要原因
文化教育：受教育程度高者的预防保健意识、疾病自我认识能力及有病早治的愿望强于受教育程度低者
卫生服务质量及设施：提高服务质量可缩短医疗时间，提高治愈率，进而减少病人对卫生服务的需要和利用
医疗保险：国内外许多研究结果都表明，享受不同程度医药费减免者在利用的医疗卫生机构级别及其利用量方面存在明显差异
气候地理条件：某些疾病的好发往往具有明显的季节性和地域性，从而影响居民的卫生服务需要和利用
行为心理：如吸烟、过量饮酒
婚姻与家庭：有配偶者医疗服务需求少于独身，鳏寡及离婚者。多人口家庭可以减少医疗服务需求，特别对缩短住院天数更为明显
其他：还包括生物遗传、职业、社会地位、卫生政策、人口流动、交通、宗教信仰、风俗习惯、生活方式等众多因素"
二十五、卫生服务资源的相关概念,"卫生人力资源：是指经过专业培训、在卫生系统工作、提供卫生服务的人员，包括已在卫生部门工作和正在接受规范化医学教育和培训的人员
卫生人力需要量：从社会和经济发展、科技进步、劳动力发展等多种因素出发，研究卫生部门在目标年间需要卫生人力的数量和质量
卫生人力供给量：包括现有卫生人力拥有量、未来卫生人力增加量及流失量三个部分。卫生人力规划要求卫生人力的需求与供给相匹配
卫生费用：广义的卫生费用是指一定时期内为保护人群健康直接和间接消耗的社会资源，包括一切人力、物力和财力的消耗，以货币来计量；狭义的卫生费用是指在一定时期内提供卫生服务直接消耗的经济资源。通常所指的卫生费用是指狭义的卫生费用"
二十六、卫生人力需要量经典预测方法,"健康需要法：应提供的卫生服务项目及数量
健康需求法：根据现在和过去的实际需求，考虑各种影响因素
服务目标法：卫生服务产出量目标
人口比值法：预测人口数、卫生人力和人口比值"
二十七、卫生人力管理的内容,"制订卫生人力管理政策和规范
调节卫生人力需要或需求
卫生人力的监督和指导
卫生人力的激励
卫生人力的使用和评价等"
二十八、卫生费用增长的原因,"人口老龄化
物价上涨、通货膨胀
人口增长
高新技术的应用
疾病谱的明显变化
卫生保健需求和健康意识的提高
支付机制的不完善
第六章 健康危险因素评价"
一、健康危险因素的基本概念,"健康危险因素：是指在机体内外环境中存在的与慢性病发生、发展及死亡有关的诱发因素。包括环境危险因素、行为危险因素、生物遗传危险因素和医疗卫生服务中的危险因素。通过对健康危险因素评价，预测健康状况和疾病发生的概率，是预防和控制慢性疾病的重要环节
健康危险因素评价：是研究危险因素与慢性病发病率及死亡之间数量依存关系及其规律性的一种技术方法。它研究人们生活在有危险因素的环境中发生死亡的概率，以及当改变不良行为，消除或降低危险因素时，可能延长的寿命。其目的是促进人们改变不良行为，减少危险因素，提高健康水平。需要知道某病与那些危险因素有关，还要知道这些危险因素的危害程度"
二、健康危险因素的范畴/类型,"环境危险因素：
自然环境危险因素：包括生物、物理和化学危险因素
社会环境危险因素：包括经济发展水平、社会卫生政策等
行为危险因素：指的是个体所选择的生活方式所带来的危险因素。在健康危险因素评价技术中，我们称为自创性危险因素
生物遗传危险因素：是理解生命活动和疾病损伤及康复过程的基础
医疗卫生服务中的危险因素：指医疗卫生服务系统中存在各种不利于保护并增进健康的因素，如医疗质量低、漏诊误诊、医院内感染等都是直接危害健康的因素"
三、健康危险因素的特点,"潜伏期长：在危险因素暴露与疾病发生之间常存在较长的时间间隔，人们一般要经过多次、反复、长期的接触后才会发病，潜伏期因人、因地而异，并且受很多因素的影响
特异性弱：使一种危险因素与多种疾病相联系，也可以表现为多种危险因素引起一种慢性病
联合作用明显：随着大量危险因素越来越多地进入人们的生产和生活环境，导致健康危险因素的多重叠加，增加致病危险性
广泛存在：危险因素广泛地存在于人们日常生活和工作环境之中"
四、慢性非传染性疾病的发展过程和健康管理,"无危险阶段；在这一阶段人们的周围环境和行为生活方式中不存在危险因素，可以通过保持良好的生活方式，选择良好的自然和社会环境，防止可能出现的危险因素
出现危险因素：随着年龄增加和环境改变，在人们的生产、生活环境中出现了危险因素，但是由于作用时间短暂，程度轻微，危险因素并没有产生明显危害，或者对人体的危险还不容易察觉
致病因素出现：随着危险因素数量增加及作用时间延长，危险因素转化为致病因素，对机体产生的危害作用逐渐显现。但由于机体防御机制的作用及致病因素的弱化，疾病尚不足以形成
疾病征兆出现：疾病已经形成，症状开始出现，疾病已经形成可逆的形态功能损害，用生理和生化的诊断手段可以发现异常的变化
体征出现：症状和体征可能并行或程度不一地先后出现。患者自己能够明显感觉发现形态和功能障碍，患者因症状体征明显而主动就医，即使停止危险因素的继续作用，一般也不容易改变病程
劳动力丧失：是慢性病发展的最后阶段。由于症状加剧，病程继续发展，丧失生活和劳动能力"
五、健康危险因素的资料来源及内容,"资料来源：
资料可以来自询问或自填式问卷调查，收集行为生活方式、环境危险因素和医疗卫生服务中的危险因素
还可以通过病史询问、体格检查和实验室检查，来获得重要的资料
内容：
收集当地年龄别、性别、疾病别发病率或死亡率资料。患病率资料和死亡率资料可以通过调查和死因登记资料获得
收集危险因素资料。需要收集的危险因素资料，可以从影响健康和疾病的以下因素来考虑：行为生活方式、环境因素、生物因素、卫生服务及原有的疾病史、婚姻生育史、家庭疾病史等"
六、健康危险因素评价的分析资料方法,"将危险因素转换为危险分数：以便将各种单位不同的危险因素放在一起考虑，是一种综合评价方法，是危险因素评价的关键步骤。将危险因素转换成危险分数的方法有两种：
依靠大量的病因学和流行病学的研究成果，找出某种慢性病的危险因素，通过剂量反应关系确定危险因素的密切程度，通过相对危险度评价确定危险因素的作用程度，再通过多元回归分析将危险分数与死亡率之间的函数关系用数学公式表达出来
经验估计，邀请不同专业的专家，参照目前病因学和流行病学研究的成就，对危险因素与死亡率之间联系的密切程度，提出不同疾病存在危险因素的平均水平和不同分数值
计算组合危险分数：在多种危险因素并存的情况下，计算组合危险分数可以较好地反映危险因素之间的联合作用。计算组合危险分数时分两种情况：
与死亡原因有关的危险因素只有一项时，组合危险分数等于该死因的危险分数
与死亡原因有关的危险因素是多项时，组合危险分数的计算：
将危险分数大于1.0的各项分别减去1.0后剩下的数值作为相加项分别相加，1.0作为相乘项
小于或等于1.0的各项危险分数值作为相乘项分别相乘
相加项和相乘项的结果相加，就得到该死亡原因的组合危险分数
计算存在死亡威胁：指在某种组合危险分数单独或联合作用下，某种疾病的死亡可能性，即现有危险因素条件下的预期死亡概率。存在死亡危险=平均死亡概率×组合危险分数
计算评价年龄；评价年龄依据年龄和死亡率之间的函数关系，从死亡率水平推算出的年龄。具体的计算方法是将各种死亡原因的存在死亡危险相加，并且要加上其他死因的存在死亡危险，其结果就是总的存在死亡危险，用总的存在死亡危险查健康评价年龄表，得出评价年龄
计算可达到年龄：可达到年龄/增长年龄通过努力降低危险因素后可能达到的预期年龄。针对已存在的危险因素，提出可能降低危险因素的措施，用重新估计的死亡率算出的一个相应年龄，称为可达到年龄
计算危险因素降低程度：如果根据医生的建议改变了现有的危险因素，危险能够降低多少，也即是危险降低的情况，用危险降低的百分比表示"
七、健康危险因素评价的意义,"个体评价：其结果主要用于个体健康预测，有利于医生对个体的慢性病进行控制和管理。根据实际年龄、评价年龄和可达到年龄三者之间的关系不同，一般可将个体分为健康型，自创性危险因素类型、历史危险因素类型、少量危险型
群体评价：是在个体评价的基础上进行的，其结果可以用于了解危险因素在人群当中的分布和严重程度，为确定疾病防治工作的重点，制定防治措施对策提供依据。主要用于确定高危人群、确定危险因素"
八、健康危险因素评价的个体评价的类型,"健康型：评价年龄小于实际年龄，说明个体危险因素较平均危险水平低，健康状况较好
自创性危险因素类型：评价年龄大于实际年龄，并且评价年龄与可达到年龄之差大，个体评价年龄大于实际年龄，说明个体危险因素较平均水平高。评价年龄与可达到年龄相差大，说明这些危险因素多是自身的行为生活方式所致，改变行为可以去除
历史危险因素类型（难改变的类型）：评价年龄大于实际年龄，但是评价年龄与可达到年龄之差小，在1岁或1岁以内。说明个体的危险因素主要来自过去病史或遗传因素，不容易降低和改变这些因素
少量危险型（一般性危险型）：实际年龄与评价年龄相接近，死亡过程相当于当地平均水平，说明个体存在的危险因素接近当地平均水平"
九、健康危险因素个体评价的优缺点,"优点：在于非常直观，能够给被评价对象一个明确的概念，即如果危险因素是可以通过改变行为控制的，个体的评价年龄和可达到年龄之间就有着明显的差距
不足：
较多地考虑到危险因素对人生命的量方面的影响，没有考虑到对生活质的方面的影响
很多行为是集体化而不是个人所能够选择的，所以通过行为改变彻底消除危险因素的影响是一个非常艰苦的工作"
十、健康危险因素评价的群体评价,"确定高危人群：根据危险因素评价，可以将被评价对象分为健康型、一般型和危险型，有利于社区确定高危人群，利用有限资源进行有效的健康管理。通过分层分析，可以了解具有哪些特征的人是高危险的人群，可以采取社区综合防治措施，对这些人群进行预防和控制。群体评价的结果有助于制定群体的健康教育和健康促进对策
确定危险因素：危险因素评价的第二个重要作用是确定某一个人群当中的主要危险因素。某一个个体的危险因素未必是全人群的危险因素，要评价全人群的危险因素，还要考虑该危险因素在人群当中的分布比例"
十一、健康危险因素评价的局限性及其原因,"环境和生物遗传因素交互作用对健康影响的诸多机制尚不十分清楚
目前已经能够被定量的危险因素占全死因危险因素的比例仍较小，所建立的危险因素模型对疾病的解释力不高，因而存在一定误差，还不能很准确地预测某些疾病的发生
目前所评估的危险因素范围还局限在生活行为方式和遗传因素上，社会环境与自然环境因素对健康和疾病影响的研究还不够深入
第七章 生活质量评价"
一、生活质量的相关概念,"生活质量：是以社会经济、文化背景和价值取向为基础，人们对自己的身体状态、心理功能、社会能力以及个人整体情形的一种感觉体验
生命数量：是指个体生存时间的长度对病人来说就是其接受某一特定医疗干预后的生存时间，对一般人来说就是平均期望寿命
健康相关生活质量：是指在病伤、医疗干预、老化和社会环境改变的影响下个人的健康状态，以及与其经济、文化背景和价值取向相联系的主观满意度，健康状态和主观满意度构成了健康相关生活质量的主要内容。健康状态是从身体、心理和社会三方面来描述个人的功能状态。功能能力是生活质量测定的关键；主观满意度是指个人的需求和愿望得到满足时所产生的主观满意程度，属于生活质量的主观成分"
二、生活质量和生命数量的关系：,"生命数量和生活质量相互联系、相互制约
相互联系：追求最长的生存时间和最高的生活质量是人类的最终目的
相互制约：生命数量和生活质量常形成对立，有时不得不牺牲一定生命数量来换取更好的生活质量，反之亦然"
三、健康相关生活质量的特征,"健康相关生活质量是一个综合现象。包含了身体功能、心理能力、社会适应能力和一般性感觉四个方面；多采用功能或行为术语来说明，而不是临床诊断和实验室检查结果
在评价者方面，更多的是采用自我评价。即由个人对自己的生活质量作出评价
反映健康相关生活质量的指标常是主观指标)采用客观指标，不同的人之间很难进行比较。如采用实验室检查或临床诊断等指标在不同病人间很难作出合理的比较
健康相关生活质量具有时变性：即随时间的变化而变化，常用作卫生保健的效果指标，常比一些客观的健康指标更为敏感"
四、健康相关生活质量评价的相关概念,"质量调整生存年数：是用生活质量来调整期望寿命或生存年数而得到的一个新指标。质量调整生存年数通过生活质量评价把不正常功能状态下的生存年数换算成有效用的生存年数，使其与健康人处于等同状态
生命质量评价：是指具有一定生命数量的人在一定时点上的生命质量表现。健康或疾病是一个连续变动且不能截然区分的状态，生命质量随着时间的推移显示平衡、改善、下降的状态、"
五、健康相关生活质量的评价内容,"躯体健康：身体状态反映个人的体能和活动能力，即身体功能和活动能力，主要包括：
活动受限（较为敏感的指标）：包括日常生活活动能力、工具使用的日常生活活动能力
角色功能受限（综合指标）：指从事正常角色活动的能力，如正式的工作，社会活动等
体力适度性：指个人在常态活动中所表现出的疲劳感，无力感和虚弱感，如爬山，登楼等
心理健康：
情绪反应：生活质量测量中最为敏感的部分，不仅收疾病直接影响，还受个体身体功能状态社会功能状态间接影响，极不稳定，难准确测量
认知功能，生活质量测量中相对稳定的指标
社会功能：
社会交往：强调交往的范围和数量、社会资源的充分程度（访问朋友，走亲戚）但没有强调效果和质量
社会支持：指社会交往和社会资源对个人的支持程度，包括情感支持和物质支持，其中情感支持更有作用"
一般性感觉：包括健康自评和自我生活评价。一般性感觉是指个人对其健康状态、生活状况作出的自我评判，是生活质量评价中较为主观的指标，包括健康自评和自我生活评价：,"健康自评：指对现时健康的认识和未来健康的期望，是一种综合评价，反映个体生活质量的总变化
自我生活评价：是个人对其生活某方面的自我评价或对其生活各方面综合性的自评。它反映个体对生活的满意程度，是生活质量水平的直接反映"
六、健康相关生活质量评价的应用,"健康状态评价：健康相关生活质量评价在一定程度上就是健康评价
选择治疗方法：对治疗方法的选择应该考虑该治疗方法对病人生活质量的影响或者是否改善了病人的生活质量
计算质量调整生存年数：质量调整生存年数是用生活质量来调整期望寿命或生存年数而得到的一个新指标。质量调整生存年数通过生活质量评价把不正常功能状态下的生存年数换算成有效用的生存年数，使其与健康人处于等同状态
成本-效益分析：成本-效益分析就是获得一定效益需多少费用的分析。任何一项投资都要求以最小的投入获取最大的效益。最大的效益就是给人群带来更多的生存年数和更好的生活质量，用每获得一个质量调整生存年数所需的成本费用（即费用/QALY)，来对各种方案或投资的经济效益作出分析"
七、常用的生活质量量表,"WHO生活质量测量量表（WHOQOL-100）：包括6领域，24方面，每方面4问题，生理、心理、独立性、社会关系、环境、宗教信仰
WHO生活质量测定量表简表
36条目简明健康量表
疾病影响量表
第八章 社区卫生服务"
一、社区卫生服务的相关概念,"社区：是若干社会群体或社会组织聚集在某一个地域里所形成的一个生活上相互关联的大集体，是社会有机体最基本的内容，是宏观社会的缩影
社区发展：是由联合国倡导的一项世界性运动。其宗旨是加强国家政府同社区的联系，充分发挥社区成员的积极性，利用社区自身的力量，提高社区社会经济发展水平，改善社区居民生活，解决社区存在的社会问题
社区卫生服务：是社区（发展）建设的重要组成部分，是在政府领导、社区参与及上级卫生机构指导下，以基层卫生机构为主体，全科医师为骨干，合理使用社区资源和适宜技术，以人的健康为中心、家庭为单位、社区为范围、需求为导向，以妇女、儿童、老年人、慢性病人、残疾人等为重点以解决社区主要卫生问题、满足基本卫生服务需求为且的，融预防、保健、医疗、康复、健康教育和计划生育技术服务等服务为一体的有效、经济、方便、综合、连续的基层卫生服务"
二、社区的构成要素,"有聚居的一群人
有一定的地域
有一定的生活服务设施
居民群具有特定的文化背景和生活方式，居民群之间发生种种社会关系
为谋求规章制度具体落实，产生各种社会群体和机构"
三、社区卫生服务的对象,"社区卫生服务对象是社区内的全体人群，根据社区人群的基本情况，可将社区卫生服务对象分为五大类：
健康人群：健康不仅是没有疾病和虚弱现象，而且是一种躯体、心理和社会适应方面的完好状态
亚健康人群：介于健康人群和病人之间的人群，虽然他们没有明显的疾病，但呈现体力降低、反应能力减退、适应能力下降等
高危人群：高危人群是存在明显的对健康有害因素的人群，其发生疾病的概率明显高于其他人群。包括：高危家庭的成员；具有明显的危险因素的人群
重点保健人群：指由于各种原因需要在社区得到系统保健的人群，如儿童、妇女、老年人、疾病康复期人群、残疾人等需要特殊保健的人群
病人：患有各种疾病的病人包括常见病病人、出院需继续在社区治疗和康复的病人、已确诊的慢性病病人、需在社区急救的病人、可在社区接受临终关怀的病人等"
四、社区卫生服务的基本内容,"社区卫生服务将社区预防、医疗、保健、康复、健康教育和健康促进、计划生育技术服务等融为一体
社区卫生服务机构的基本工作内容具体包括：
社区卫生诊断
健康教育
传染病、地方病、寄生虫病防治
慢性非传染性疾病防治
精神卫生
妇女保健
儿童保健
老年保健
社区医疗
社区康复
计划生育技术服务
开展社区卫生服务信息的收集、整理、统计、分析与上报工作
根据居民需求、社区卫生服务功能和条件，提供其他适宜的基层卫生服务和相关服务"
五、社区医疗服务：,"开展社区健康护理
开展个人和家庭健康护理
提供预防保健
开展健康教育
开展计划免疫和预防接种
定期健康检查
慢性病疾病管理
提供急重症转诊服务
临终护理服务
参与社区卫生监督管理工作"
六、社区卫生服务方式,"在社区卫生服务中心和卫生服务站开展各项工作
上门服务：通过卫生服务小分队等送医送药入户
居民选择医生签订社区卫生服务合同书：提供定期与不定期医疗卫生服务
社区医生责任制：一名医生负责3~4个居民区的公共卫生、预防保健、健康教育和医疗等全面服务
医疗咨询热线服务：开通热线电话，提供各类服务包括就医指南、健康心理和医疗咨询等服务
双向转诊服务：社区卫生服务中心和服务站与大型综合医院、专科医院建立双向转诊服务机制，保证病人得到连续医疗服务。双向转诊和会诊。医院和社区卫生服务机构都应确定负责双向转诊和会诊的管理者和医生，制定转诊运行制度和质量保证制度
转诊机构
第一级机构：社区卫生服务中心及所属社区卫生服务站
第二级机构：大型综合医院和专科医院
双向转诊和会诊对象
第一级机构转向第二级机构：诊断不明确病人、治疗效果不佳病人、疑难重症病人、缺乏基本诊断和治疗设备病人
第二级机构转向第一级机构：诊断明确后可在社区治疗和系统管理病人、出院后需要在社区继续治疗和康复病人、出院后需继续随访病人、提供检查结果、提供特殊治疗结果"
七、社区卫生服务任务,"提高人群健康水平、延长寿命、改善生活质量：通过对不同的服务人群采取促进健康、预防疾病、各类人群的系统保健和健康管理、疾病的早期发现、诊断、治疗和康复、优生优育等措施，提高人口素质和人群健康水平、延长健康寿命、改善生活质量
创建健康社区：通过健康促进，使个人、家庭具备良好的生活方式和生活行为，在社区创建良好的自然环境、社会心理环境和精神文明建设，紧密结合社区服务和社区建设，创建具有健康人群、健康环境的健康社区
保证区域卫生规划的实施，保证医药卫生体制改革和医疗保险制度改革的实施"
八、社区卫生服务的特点,"以生物-心理-社会医学模式为指导：随着疾病谱和医学模式的转变，促使卫生服务发生转变。主要表现在六个方面：
从以疾病为主导转移到以健康为主导
从以单个患者为中心转移到以人群为中心
从以医疗为重点转移到以预防保健为重点
从以医院为基础转移到以社区为基础
从以疾病防治，身心健康为目标转移到以身心健康及其与环境和谐一致为目标
从主要依靠医学和卫生部门转移到依靠众多学科和全社会参与。社区卫生服务是落实卫生服务六个转移的基础
基层医疗、预防、保健服务：社区卫生服务是一种以社区卫生服务机构为主体的基层医疗、预防、保健服务。是社区人群为其健康问题寻求卫生服务时最先接触、最经常利用的服务
以预防为导向的服务：根据服务对象生命周期和疾病发生、发展的不同阶段可能存在的危险因素和出现的健康问题，提供二、二、三级预防
综合性服务：社区卫生服务向社区全体人群提供“全方位”综合性服务。体现在：
服务对象不分年龄、性别和疾患类型
服务内容包括医疗、预防、保健、康复和健康促进
服务层面涉及生理、心理和社会文化各个方面
服务范围涵盖个人、家庭与社区
社区卫生服务项目包括一般内科、儿科、妇产科、门诊外科、皮肤科、眼科、五官科、骨科、精神科的常见问题，以及老年病、慢性病、环境及职业病的防治，预防保健。还有心理咨询、健康教育、家庭医疗护理等
综合利用各类适宜的技术和一切对服务对象有利的方式和手段，包括现代医学、传统医学
持续性服务：社区卫生服务是从生前到死后的全过程服务，体现在以下几个方面：
人生的各个阶段。从婚前咨询开始，经过孕期、产期、新生儿期、婴幼儿期、少儿期、青春期、中年期、老年期直至临终濒死期
健康-疾病-康复的各个阶段。社区卫生服务对其服务对象负有一、二、三级预防的不间断责任，从健康促进，危险因素的监控，到疾病各期的长期管理
任何时间地点。甚至住院或会诊期间，社区卫生技术人员都负有持续性责任，根据人群需要事先或随时提供服务
协调性服务：社区卫生技术人员是社区内外、各个部门、专科和全科的协调人
可及性服务：社区卫生服务的可及性体现在技术适宜、地理接近、服务方便、关系亲密、结果有效、价格经济等一系列使人易于利用的特点
以家庭为单位的服务：家庭是社区卫生服务的服务对象。“以家庭为单位的服务”主要涉及两个方面的内容：
个人和其家庭成员之间存在着相互作用，家庭周期、结构与功能会直接或间接影响家庭成员的健康
家庭生活周期理论是社区卫生服务最基本的框架
以社区为基础的服务：社区卫生服务必须立足于社区、以社区为基础
团队合作的工作方式：社区卫生服务必须由多学科、多专业卫生技术人员合理配置、组成团队、协调合作、共同完成任务"
九、社区卫生服务的意义（强基层意义）,"社区卫生服务强调预防为主、防治结合，有利于将预防保健落实到社区、家庭和个人，提高人群健康水平，实现中国人的“健康梦”
社区卫生服务是解决疾病谱和死亡谱变化带来的问题，积极应对人口老龄化挑战的重要途径
社区卫生服务是深化城市医疗体制改革，建立新型城市服务体系的重要基础
社区卫生服务是提高卫生服务公平性及维护社会稳定的重要途径
《健康中国2030规划纲要》提出坚持保基本强基层的健康策略。强基层是要提升基层医疗服务能力整合卫生系统资源和力量，全力推进基层卫生健康工作"
十、城市社区卫生服务机构设置原则,"把城市卫生工作的重点放到社区，积极发展社区卫生服务，不断丰富城市社区建设内涵
社区卫生服务是社区建设的重要组成部分。社区卫生服务机构的建设须纳入社区发展规划和区域卫生规划，要与城镇医药卫生体系改革、城镇职工基本医疗保险制度改革紧密结合，并充分利用中医和西医卫生资源
社区卫生服务机构属非盈利性医疗机构，是为社区居民提供预防、保健、健康教育、计划生育和医疗、康复等服务的综合性基层卫生服务机构
设置社区卫生服务机构由地市级政府卫生行政部门审批
社区卫生服务机构以社区卫生服务中心为主体，以社区卫生服务站作为补充
社区卫生服务机构业务用房、床位、基本设备、常用药品和急救药品应根据社区卫生服务的功能、居民需求配置;卫生人力应按适宜比例配置
坚持社区参与的原则
应引入竞争机制
社区卫生服务中心命名原则：区名+所在街道名+识别名(可选)+社区卫生服务中心；社区卫生服务站：所在街道名+所在居民小区名+社区卫生服务站"
十一、社区诊断的基本概念,"社区诊断是研究在特定的时间与特定的范围内人群中健康状况或疾病与有关变量(影响健康的因素)的关系。通过社区诊断确定社区的主要卫生问题、优先考虑的问题、定量危险因素、合理分配和利用有限资源、最大限度地促进人群健康，为制定社区卫生规划、实施有效管理、进行科学评价提供依据。广义地讲，社区诊断包括社会诊断、流行病学诊断、行为和环境诊断、教育和组织诊断、管理和决策诊断、执行及评价
社会诊断：评估社区人群的人口学特征、生活质量、社会经济状况等
流行病学诊断：找出目标人群的健康问题(哪些问题影响最大)和影响健康的因素,确定优先处理的问题和重点人群(哪一类人群处在最危险状态)
行为和环境诊断：确定影响上述健康问题或与上述健康问题有关的行为和环境因素(危险因素)，促使行为和环境因素发生改变
教育和组织诊断确定哪些是行为的倾向因素、促成因素和强化因素
倾向因素是指个体或群体的知识、态度、信念、价值观、理解能力，也是产生某种行为的动机
促成因素是指实现和形成某种行为所必需的技能和资源，包括可能促使行为和环境改变的各种因素
强化因素是指奖励和采纳健康行为者的反馈信息
管理和决策诊断评估组织和管理能力，社区干预预的资源、工作能力、时间安排等，完善组织和政策"
一般状况：社区历史、自然地理、人群文化程度等,"人口统计学特征：总人口数、年龄性别构成、婚姻状态等
健康状况：患病率、死亡率等
社会经济状况：GDP、GNP、产业结构等
卫生资源：卫生机构类型数量、卫生人力总数及构成
主要卫生问题
疾病负担分析：疾病对人群健康危害、人群因疾病造成的损失、疾病的家庭和社会负担
卫生状况动态变化
卫生服务状况
危险因素分析"
十四、加强城市社区卫生人才队伍建设的措施,"健全和完善社区卫生人才培养体系：
加强全科医学、社区护理学教育和学科建设
开展社区卫生服务人员岗位培训
积极开展全科医学规范化培训工作
完善继续教育
推进培养能力建设
提高社区卫生人才队伍职业道德
完善全科医师、护士等社区卫生专业技术人员任职资格制度：
社区卫生专业技术人员以全科医学为主体
完善全科医师任职资格制度
完善在社区从事护理工作的专业技术人员任职资格制度
建立社区卫生服务机构人员聘用制度
吸引和稳定社区卫生人才队伍
切实加强社区卫生人才工作的组织领导
补充内容：
卫生问题是对一种与健康有关的状态或条件下不满意的感觉和认识，尤其是不利于健康的危险因素及造成危险因素的条件和环境
具有发病死亡危险或暴露于危险因素之中的人群称作为高危人群
危险因素是指与多种健康结局有联系的个体或人群特征和暴露中的环境因素，可以直接观察测量和间接测量，与发生不良结局的概率增加有联系
人口老龄化特点：
人口老化起步晚，速度快，数量大，给养老保障制度和医疗保健事业发展带来压力
人口老龄化的地区发展不平衡，东部沿海速度快程度高。西南、西北内陆相差较多
人口老龄化超过经济发展的承受力
快速老龄化进程与劳动力总量减少并行，劳动力年龄结构老化给经济持续
健康发展带来挑战
空巢老人和独居老人总量大，家庭养老支持功能明显弱化
第九章 社会卫生策略"
一、社会卫生策略的相关概念,"个体预防策略：又称为高危预防策略，是建立在直接危险因素理论上的一种针对于部分群体的策略
群体预防策略：是相对于个体预防策略的一种手段，是以健康为中心的措施
社会卫生状况：社会卫生状况是指人群的健康状况，以及影响人群健康的诸社会因素的状况。按照WHO提出的健康概念，应从生理健康、心理健康和社会健康等三个维度测量人群健康状况，涉及死亡、疾病、残疾、生长发育等生理健康，也与心理状况、社会功能相联系。影响人群健康的社会因素主要包括社会状况、经济状况、卫生政策、卫生体制、卫生资源、卫生服务、健康保障、健康行为、健康公平性等众多因素"
二、个体预防优缺点,"优点：
医患双方有强烈动机
不干扰非高危人群
具有现成的思维和组织
成本效益好
危险效益比高
缺点：
控制整个健康问题贡献度小
把预防变成了治疗，使高危人群变成了病人
只是暂时成功，没有针对根本问题，没有对社会群体中产生问题的根源采取措施
预测个人将来能力差，高危人群有效性并不肯定"
三、群体预防优缺点,"优点：
具有根本性：根本上消除导致不健康行为和生活方式的社会环境
是强有力的，措施效果明显
具有适宜性、解决机会不均等问题
缺点：
普遍可接受性
可行性
成本安全问题"
四、21世纪全球卫生面临的新挑战,"广泛的绝对和相对贫困
人口老龄化和城市化
流行病学变化：传染病发病率居高不下，慢性疾病、损伤的发病率和暴力发生率上升
对人类生存的全球环境威胁
新技术：信息和远程医学服务
生物技术的发展
私立和公立部门以及居民和社会之间的卫生伙伴关系
贸易、旅行以及价值观和思想传播的全球化"
五、初级卫生保健的概念,《阿拉木图宣言》中提出：初级卫生保健是一种基本的卫生保健，它依靠切实可行、学术上可靠又为社会所接受的方式和技术，是社区的个人与家庭通过积极参与普遍能够享受的，费用也是社区或国家在发展的各个时期本着自力更生及自决精神能够负担得起的，它既是国家卫生系统的一个组成部分、功能中心和活动的焦点，也是社会整个经济发展的一个组成部分。它是个人、家庭、群众与国家卫生系统接触的第一环，能使卫生保健尽可能接近于人民居住及工作的场所，它还是卫生保健持续进程的起始一级
六、初级卫生保健的原则,"社会公正：初级卫生保健要体现卫生服务和卫生资源分配与利用的公正性
社区参与：在改善人民健康的过程中，必须充分发挥社区和人民群众的作用，依靠群众的参与改变不良的卫生习惯和生活方式，提高自我保健能力
成本效果和成本效益：必须以最低的成本产生最大效益的方式来分配和利用资源，卫生资源的投放应该从以医院和专科服务为主转向地区卫生系统和基础卫生工作
部门间协作行动：实行初级卫生保健不能只依靠卫生部门，而必须是卫生部门和其他部门的共同行动，并协调一致的关系"
七、初级卫生保健的基本内容,"基本任务：
促进健康：加强自我保健，增强体质和心理健康
预防：在发病前期采取措施，防止疾病的发生
治疗：在发病初期采取措施，防止疾病继续发展。早期发现、早期诊断，及时治疗
康复：病人症状和体征已经出现，防止并发症和残疾。防止病残，加强康复"
八项基本要素：,"促进食品和合理的营养，安全水供应的保障，并采取基本的公共卫生措施
开展包括计划生育在内的妇幼保健工作
主要传染病的预防接种
地方病的预防和控制
常见病和外伤的恰当处理
保护精神健康
保证基本药物的供应
就重要的卫生保健问题及其预防控制方法进行健康教育"
八、21世纪人人享有卫生保健的具体内容,"社会基础：
承认享有最大可能健康是一项基本人权
重视政策、研究和服务提供过程的伦理方面
消除个人之间和群体之间的不公平、不合理现象
消除性别歧视，强调性别平等
总目标：
增加期望寿命的同时提高生活质量
在国家内部和国家之间改善健康的公平程度
卫生系统可持续发展，保证人民利用这一系统所提供的服务
具体目标：到2020年：
确定孕产妇死亡率、婴儿死亡率、5岁以下儿童死亡率和平均期望寿命的具体目标
全球负担大大减轻，与结核、艾滋病、烟草、暴力相关的发病和残疾上升趋势得到控制
消灭麻疹、丝虫病和沙眼
部门间行动的协调加强，重点在安全饮用水、环境卫生、营养和食品卫生以及住房环境方面
社区建立综合健康行为促进计划并予以实施
政策基础：以健康为中心和可持续发展是21世纪人人享有卫生保健的政策基础
行动（21世纪人人享有卫生保健全球战略目标的基本方略）：
与贫困作斗争：寻找一种机制让他们能够自救改变生存的环境，采取卫生干预措施，打破贫困和不健康的恶性循环
在所有的环境中促进健康：包括生活，工作和学习所需的环境。通过社会行动促进健康，通过媒体形象倡导健康
部门间的协调、协商和互利卫生部门要敏感地意识到各个部门的动机，以便与之协调，实现在促进人类健康目标上的一致性
将卫生列入可持续发展规划"
九、中国主要的卫生问题,"重大传染病和慢性病流行仍比较严重
妇幼保健工作比较薄弱
农村卫生发展仍然滞后
医药卫生体制机制不适应群众需求，“看病难、看病贵”问题突出：
卫生资源分布
医疗机构运行机制
药品市场
医疗行业监管
医疗保险体系"
十、中国卫生策略,"基本理念：把基本医疗卫生制度作为公共产品向全民提供，实现人人享有基本医疗卫生服务
基本思路：保基本、强基层、建机制、全民享有
基本原则：
坚持以人为本，把维护人民健康权益放在第一位。为人民服务宗旨，遵循公益性质
坚持立足国情，建立中国特色医药卫生体制。与国民经济、社会发展协调，与人民群众承受能力适应
坚持公平与效率统一，政府主导与发挥市场机制作用相结合
坚持统筹兼顾，把解决当前突出问题与完善制度体系结合起来
主要内容："
十一、中国卫生发展战略,我国今后几十年的基本发展战略是：以满足人们的健康需求为导向，以提高人民健康水平为中心，突出农村卫生、预防保健和中医药三个战略重点，按照公平与效率兼顾的原则，强化基本卫生服务和卫生监督管理工作，推行区域卫生规划，走以内涵发展为主、内涵与外延发展相结合的道路
十二、对健康中国战略的理解,"战略目标：提出健康中国2020年、2030年、2050年“三步走”的目标
2020年，主要健康指标居于中高收入国家前列
2030年，主要健康指标居于高收入国家行列
2050年，建成于社会主义现代化国家相适应的健康国家
基本原则：健康优先、改革创新、科学发展、公平公正
战略任务：普及健康生活、优化健康服务、完善健康保障、建设健康环境、发展健康产业"
十三、我国卫生保健制度的改革与发展,"制度调整：
随着我国社会经济体制改革的逐步深入，我国卫生保健制度也随之进行调整"
一般认为，我国的卫生保健制度改革前可以分为自费医疗、公费医疗、劳保医疗和集资医疗（医疗保险）四种形式,"目前实施的卫生保健制度主要有公费医疗、职工基本医疗保险、城镇居民基本医疗保险、新型农村合作医疗等
经办主体：
我国的卫生保健制度的主要形式是各种形式的医疗保险，在医、患、保三方利益形成的三角体系中，经办机构的枢纽作用至关重要
近年来，经办机构主体的改革主要体现在两个方面：从“小”到“大”，从卫生部门到社保部门
筹资模式：我国主要的卫生保健制度的筹资都来自政府、社会（单位）、个人3个方面，筹资渠道并未改变，但筹资结构与筹资比例、整体筹资水平变化较大，不同制度的筹资侧重点差别较大
资源配置：
政府对新型农村合作医疗和居民基本医疗保险的大量财政投入，也有利于基层卫生机构的发展，调整医疗卫生资源配置
然而，由于医疗市场的技术强势与垄断作用，大医院“虹吸现象”十分突出，卫生资源配置的“倒三角”问题仍然严重
服务管理：卫生经费和卫生服务是卫生保健制度的两大核心要素，只有综合地认识卫生经费与卫生服务的重要作用和密切关系，才能正确理解和把握保基本、促公平、控费用、提效率的卫生保健制度改革的价值和目标"
十四、新时代卫生工作方针,"概念：以基层为重点，以改革创新为动力，预防为主，中西医并重，将健康融入所有政策，人民共建共享
意义：把人民健康放在优先发展的战略地位，以普及健康生活、优化健康服务、完善健康保障、建设健康环境、发展健康产业为重点，加快推进健康中国建设、努力主方位、全周期保障人民健康，为实现两个一百年奋斗目标，实现中华民族伟大复兴的中国梦打坚实基础
将健康融入所有政策：一种以改善人群健康和健康公平为目标的公共政策制定方法，它系统地考虑这些公共政策（包括财政、教育、科技、就业、社保、环境保护、医药管理）可能带来的健康后果，寻求部门间协调，避免政策对健康造成不利影响
第十章 特殊人群社会医学"
一、儿童青少年健康的影响因素,"影响生长发育的遗传因素：受精卵中父母双方各种基因的不同组合，决定了子代个体发育的各种遗传性状
环境因素：
营养：营养是生长发育最重要的物质基础，如果膳食营养结构不合理，将会导致儿童少年生长发育迟缓，皮下脂肪减少等
体育锻炼：运动是生命的表现形式，是促进身体发育和增强体质最重要的因素
生活作息：合理安排儿童少年的生活作息制度，使其有规律、有节奏，保证足够的户外活动和适当的学习时间，定时进餐、充足睡眠可以促进儿童少年的健康生长发育
环境污染：工业化或其他原因造成的环境污染不仅给人类健康带来了威胁，引起各种疾病，而且给儿童少年的身心发育带来了很大的影响，阻碍了他们正常发育的进程，必须引起人们的高度重视
社会和家庭：政治、经济状况；城乡差异；家庭因素，这些因素往往交织在一起，构成复杂的关系，共同对健康起作用。社会因素对儿童少年生长发育影响是多层次多方面的综合作用，不仅影响身体发育，也影响心理智力行为发展，逐步形成机体心理生理社会特点。其中最重要的是家庭经济地位、主要成员文化素质以及育儿方式"
二、针对儿童青少年健康问题所应采取的社会卫生措施,"心理卫生服务：
建立卫生措施
改善家庭和学校环境
开展心理行为指导
改变不良的教养态度与方式
培训学校专职心理指导教师，建立基层心理卫生服务队伍
心理卫生的三级预防
学校生活技能教育
目标：
促成学校教育目标的实现
帮助学生认识自己，认识和掌握周围环境，应付危机，摆脱困难，去除不适的心理症状，改善行为
指导学生做选择和决策
鼓励学生寻求和了解生活意义，过健康的、有意义的、自我满足的生活
原则：面向全体学生，预防与发展相结合，充分尊重和理解学生，学生主体性原则，个别化原则，整体发展
学校健康教育：其目标包括：
提高学生的卫生科学知识水平
改善学生对待个人和公共卫生的态度
培养学生的自我保健意识和能力
养成良好的生活习惯，降低常见病的患病率及各种危险因素
预防各种心理卫生问题，促进心理发展"
三、妇女健康的社会卫生问题及影响因素,"孕产妇和儿童死亡状况的不平衡：农村与城市、东部地区与西部地区差别巨大；偏远地区、少数民族尤重，另外流动人口及计划生育对孕产妇死亡的影响也愈加严重
提供基本的孕产期保健和儿童服务能力偏低：医疗部门知识技能仍待提高，服务管理和信息管理工作薄弱，危重症孕产妇、儿童转诊系统不畅，基层产科急救能力低
营养不良：农村地区孕产妇、婴儿营养不良问题依然严重，而蛋白质-热量缺乏所导致的营养不良严重影响儿童的体质和智力发育，也可导致妇女骨盆狭小、增加母亲和婴儿的危险
经济、社会发展情况：妇女健康与国家的经济状况和医疗技术措施密切相关，要提高发展中国家妇女健康水平，除了改进卫生保健服务和卫生技术外，还得依赖于国家的经济状况的改善和对卫生服务的投入
缺乏对妇女精神卫生保健的关注：生理状态与外界应激都会导致女性精神卫生方面出现问题。女性的特殊生理阶段，会出现精神症状，而在经前、产后及更年期这三个阶段的表现更为明显
贫困地区妇女保健工作亟待加强：贫困地区妇幼卫生设施差、卫生技术人员缺乏。因此，加强妇幼卫生设施建设、加强卫生人员培训，改善妇女健康状况是政府和卫生部门的责任
东南沿海和大城市妇女的卫生服务需要增加：随着疾病谱的变化，在城市地区，传染病所造成的死亡大大地减少，而性传播疾病、生殖道感染、宫颈癌、乳腺癌预防和治疗等逐渐成为妇女保健的主要内容"
四、针对妇女健康问题所应采取的社会卫生措施,"广泛进行社会宣传和健康教育：积极组织各种媒体、采用各种宣传手段，围绕妇女生殖健康，加大健康教育力度，使妇女了解女性主要疾病、主要危险因素的防治知识，养成健康、文明的生活方式和行为习惯，增强妇女自我保健的意识和能力
妇女常见病筛查：通过定期为妇女提供规范的妇女常见病筛查服务，及筛查后异常情况的追踪管理，做到对妇女常见病的早发现、早诊断、早治疗
切实采取有力措施、建立妇女健康保障制度：城乡医疗保障制度应逐步覆盖妇女病的筛查项目，并对妇女重大疾病的诊治费用给予适当补偿，加快城乡医疗救助制度建设，对困难群体的妇女诊治提供救助补偿
强化政府职责：各级政府将保障妇女人人享有基本医疗卫生服务列入议程，加大财政投入和转移支付力度，重点加强中西部地区和东部困难地区妇女主要健康问题的防治工作，强化早期干预措施，努力降低妇女主要疾病风险，提高妇女健康水平
加强保护妇女健康的服务能力建设：把妇女主要疾病的防治工作重点放在农村和城市基层，依托城乡基层卫生服务网络，推进以预防为主的群防群治工作
加大贯彻保护妇女健康的法律法规的力度：依据《母婴保健法》及其他相关法律法规，坚决取缔非法行医，非法接生，规范母婴保健服务，切实保护妇女健康"
五、老年人口的社会学特征,"老年人的婚姻结构：老年人口的婚姻受老年人口性别、年龄别死亡率的影响，女性老年人口的丧偶率高
老年人的家庭结构：多数发展中国家老年人经济上依赖子女，在家庭中已完全失去或部分失去了经济支配权，因而处于从属地位
老年人的文化结构：老年人口的文化程度比成年人口低，这种带有普遍性的趋势主要受历史条件制约。这种现象在老年女性人口中更加突出
老年人的再就业结构：西方发达国家的老年人一般不倾向于再就业。中国、日本的老年人只要健康状况好，多倾向于再就业"
六、老年人口的健康影响因素,"社会经济因素：制约老年人健康状况的表现主要在收入水平方面
文化水平：文化水平高的老人，可以接受并理解疾病的知识，包括如何预防、参与治疗和康复的知识，以及自我保健的知识
婚姻状况：老年人丧偶对老年人健康影响很大
社会支持：包括在健康时和生活不能自理时的家庭支持和照料的数量和质量等
社会保障制度：包括养老保险、失业保险和医疗保险诸制度"
七、促进老年人健康的社会卫生措施,"健康老化：是指在老年期的余寿阶段中，身心健康的阶段延长，带病的时间缩短，保持劳动力和参与社会的时间延长，生活不能自理和病残的岁月缩短
健康老龄化：国家、社会或一个地区的人口群体成为老年型人口之后，老年人口中健康老年人所占比重较大幅度上升，病残和生活不能自理的比重下降，老年人的健康寿命显著延长，参与社会活动的增多，老年人力资源得以开发利用，从而使一般老龄化对社会经济的不利影响得以缓解，称为健康老龄化"
八、人口老龄化带来的挑战,"人口老龄化水平与经济社会发展不相适应，即“未富先老”的问题突出
老年人经济来源不稳定，生活质量比一般人低
老年人家庭供养模式受到越来越大的冲击
老年人的慢性病患病率、致残率高，卫生服务需要量和利用量大
老年人的精神慰藉短缺，社会适应能力弱
大部分老年人的基本养老和医疗要求难以满足"
九、人口老龄化特点：,"人口老化起步晚，速度快，数量大，给养老保障制度和医疗保健事业发展带来压力
人口老龄化的地区发展不平衡，东部沿海速度快程度高。西南、西北内陆相差较多
人口老龄化超过经济发展的承受力
快速老龄化进程与劳动力总量减少并行，劳动力年龄结构老化给经济持续
健康发展带来挑战
空巢老人和独居老人总量大，家庭养老支持功能明显弱化"
十、健康老龄化的措施：,"为老龄人口开发几个省级或国家级的老年医学联合体
加强养生和疾病预防知识的普及
建立以社区为基础的综合护理中心和健康资料系统，解决老年人基于疾病、功能评估的健康和社会需求
加强对各个级别的老年病医务人员的教育和培训，包括家庭医生、护士、以及高级康复技师等
面对一个老龄化的世界，促进新领域的经济增长是最重要的"
十一、残疾人口健康的影响因素,"家庭：家庭的幸福和谐是社会安定团结和繁荣发展的基石。由于残疾人的特殊性，残疾人家庭的每个成员，都不同程度地承担着残疾人所造成的经济和精神上的压力
婚姻：美满和谐的婚姻是一个人健康的重要保证。由于残疾人的特殊性，使得他们在恋爱婚姻方面困难重重
教育、就业与经济：由于生理、心理及人体结构方面的缺陷，造成残疾人受教育、就业困难
社会环境：影响残疾人健康状况的社会环境因素主要指有无障碍环境
立法：在《中华人民共和国残疾人保障法》实施之前，歧视、侮辱和侵害残疾人的现象时有发生"
十二、残疾人全面社会保健与康复相应的社会卫生措施,"医疗康复
职业康复
教育康复
社会康复
做好康复工作，有计划、有步骤地帮助残疾人改善功能、提高能力
大力发展教育，提高残疾人素质
开展服务与培训，推进残疾人就业
适应社会需求，发展盲人按摩
加大力度，做好残疾人扶贫工作
切实将残疾人纳入社会保障体系，保障残疾人基本生活
广泛开展文化体育活动，丰富残疾人生活
营造文明进步的社会环境，促进残疾人平等参与社会生活
积极推行无障碍建设
加强社区残疾人工作，为残疾人提供切实服务
加强法制建设，维护残疾人权益
加大综合服务设施建设力度，增强为残疾人服务的能力
建立信息网络，为残疾人事业提供现代化服务
补充内容：
学校生活技能教育：指在一种新型的建设性的人际关系中，给予学生合理的协助与服务，帮助儿童青少年正确了解自己、认识环境，根据自身条件确立有利于个体发展的生活目标。克服成长的不足障碍、调整自己行为、发挥个人潜力达到最佳的发展和良好的社会适应状态
人口老龄化：是指年龄结构中老年人口在总人口中所占的比重的变化。老年人口比重、少儿人口比重、老年人口与少儿人口比值、人口年龄中位数都反映人口老龄化程度的常用指标。联合国将65岁及以上老年人口比重达到7%及以上的人口或六十岁及以上老年人口比重达到10%及以上的人口划为老年型人口。发展中国家一般以六十岁为老年人口的起点年龄，发达国家普遍沿用65岁为老年人的起点
残疾：是指人的身心功能缺陷，包括肢体残缺、活动障碍、体内器官功能不全、精神情况和行为异常、智能缺陷等
残疾人：是指心理、生理、人体结构上某种组织、功能丧失或者不正常，部分或全部丧失以正常方式从事某种个人或生活能力的人。包括视力、听力、言语、肢体、智力、精神、多重和其他残疾
学校健康教育的意义：
儿童青少年的行为方式具有极大的可塑性，生命初期形成的行为方式会对以后的生命保护阶段和晚年生命质量产生深远影响
学校的特点决定了它是教育和健康计划能发挥最大作用的地方
教育效果可向家庭和社会辐射，有助于形成讲究卫生的社会风尚
第十一章 特殊人群社会医学"
一、城市的主要社会卫生问题,"城市人口的增长
环境污染
城市大气污染
城市水污染
其他污染：包括工业废渣、交通噪声、工业噪声、建筑施工噪声和生活噪声等
慢性病与意外伤害：城市人群感染性疾病逐渐下降、构成比降低，但并未得到根本控制。由于人口老龄化，慢性病、意外伤害严重威胁人民健康。城市主要死因为恶性肿瘤、呼吸系统疾病、意外伤害等
就业与住房困难：经济全球化使人们就业面临新的挑战，导致出现居住条件恶劣，容易引起皮肤病性病传播和流行
公共场所、城市服务行业卫生问题：公共社会化生活需求日益增多，公共场所人群密集、流动性大、设备物品重复使用，易造成污染，使健康和非健康个体混杂，容易造成疾病传播"
二、农村的主要社会卫生问题：,"社会经济发展与卫生状况：农民的收入水平有很大提高、经济改善等因素促使农村地区疾病谱发生显著变化
农村疾病经济负担状况：新农合有效减轻农民的疾病经济负担，但筹资水平还不高，与城镇差距明显，农民的医疗费用负担仍较重
农民健康保障制度
农村卫生资源状况
农村卫生服务的运行情况"
三、影响城市人群健康的社会因素：,"社会经济状况：城市经济状况的好坏很大程度上影响城市居民健康，经济状况好的国家居民健康水平通常会较高
教育水平与文化状况：城市化进程加速与人口素质提高速度不协调，加上社会其他因素影响，使人们健康状况并不总是与文化水平相一致
医疗卫生条件：良好的城市医疗卫生条件是城市人口良好健康状况的重要保证
社会心理因素：就业压力和住房条件困难等行为因素，以及文化程度低等因素不同程度的影响城市人口健康。因此社会心理因素是影响城市人口健康的一个不容忽视的因素"
四、影响农村人群健康的社会因素：,"环境：环境污染及生态破坏情况时有发生，环境的变化直接间接地对农村人群健康造成影响。最直接的反应是农村人群主要死因顺位的变化
经济：经济的发展给农村人群带来新的健康问题，如环境污染破坏、生活方式改变、心理健康问题等使之成为影响农村人群健康的主要社会因素之一
文化：不同文化形成不同的思想观念、生活方式，最终直接或间接以健康造成影响
心理：心理素质、人际关系等心理社会因素是影响人们健康的因素之一。心身疾病是心理社会因素影响人体健康的典型例子
生活方式：行为和生活方式常潜伏着危害健康的因素，衣食住行、日常活动等
社会制度：主要涉及社会政治制度、经济制度、法律制度、教育制度、婚姻家庭制度等方面。尤其是社会政治制度、法律制度和医疗保健制度
社会组织：卫生部门必须与社会其他组织配合协作，使卫生工作成为社会发展的一个组成部分
卫生服务：卫生服务是卫生部门为一定目的合理使用卫生资源向居民提供服务的过程
补充内容：
社会问题：是从社会功能和社会发展的角度来看问题、其外延很广、涉及到所有需要动员社会力量来解决的问题
越轨行为：主要是从个体与社会的关系角度来看问题，其外延比“社会问题”要小得多。一般来说，凡是违背群体标准或期望的行为都可以称为越轨行为
社会病：如果成为社会问题的越轨行为主要是社会问题原因引起的，而且与躯体和心理健康有关、就构成了所谓的“社会病”
社会病特点：
具有社会性
社会病的产生根源非常复杂，但主要在于社会
社会病对社会具有严重的危害性
社会病的防治需要全社会综合施策，共同努力，这括改变不合适的社会公共政策，建立健康的社会文化等
社会病既是健康问题，也是健康问题或公共卫生问题"
